-76.50420844982305,41.7331016755069
-3.0237185675392038,-63.644001531952526
20.554666191650938,53.75084910425261
5.063240382448944,43.74240348945377
-18.621657023136766,26.74208385121394
-40.742076354252504,-11.543126961590662
81.36439053149294,95.99842102263955
-139.76577137864348,29.75113398484595
68.26175546146362,115.68998901123999
31.753573119402475,-92.80982168809274
25.927748399226807,76.87464211815012
35.91323672709059,-38.52101684902798
23.29641088764271,-91.13216840561785
-88.42898735545864,-66.52587001750697
-34.14376321731291,-13.085452424046546
36.62829517798016,-69.90739066197594
9.611244196074779,-84.94087690811308
-39.32577624422626,32.92447029209905
-1.1065889753199123,-75.96298055949326
-49.213576791720776,35.9818239224862
-96.69643580105888,26.50544227853787
-35.46855786037941,-2.514487059782901
69.83915162794116,10.635528868655271
-53.617550056099404,60.06386378795891
128.76717778544534,52.31316993586438
29.683001225203775,7.158721201481367
-112.1179225598878,-40.31317041924604
-61.94115588199712,-90.221249884271
-70.50890617165949,44.42829128192592
-66.25523768200972,27.47791072319512
75.67834460226054,-19.444547367669227
23.99773999594577,-66.34001816670543
-25.06450896043573,-44.4639488512415
39.678163628666,-39.20232651831276
7.845390987445163,-48.68188805276334
54.20156935274371,91.64659364386941
-33.91702395813028,-14.827075658095588
74.15792835496762,-66.36777987359285
-76.88536921054573,27.732905644847065
33.450711920487464,-19.351213082607295
-59.46077810710305,-10.140852257303655
28.799382872733567,59.7233829940367
-55.84046661329328,-110.81943200401511
65.64968880446868,-68.32551988367567
-133.1027405551805,-51.69830102633916
-80.00640715563598,29.024723856148697
-42.28179513410168,30.101074709638326
82.04641984733317,16.024955263546392
-34.543933660607486,-62.49848391154842
28.156458627270034,-6.734600269911554
-41.24315175546509,-66.62637782324411
-126.76725421265877,51.67483829471753
8.666925621900265,70.70133092431612
56.28291204072521,-15.337191348252782
60.85247360006159,-5.447217611345742
-62.320471196880206,54.581307922302614
92.99285352931606,-47.795579440419246
-29.487681245434555,-125.47040150645458
52.04039425456429,89.30115981576617
-101.08158971598232,38.009941346195106
69.72591490240669,103.51874261741716
-98.27106890096717,-23.443824145016364
-19.283336393345518,-7.8186429563727815
-54.57920270118214,11.592318508338275
53.16837585397338,-46.09488215195876
-50.734063203898074,-46.263063290955074
16.982598688584968,49.782399226376185
29.075155186734072,143.33305561464013
16.74938329952461,-60.917315304274474
75.07184237601861,-64.00113323090955
-32.86511467280181,49.04315012380668
27.96580799839271,-10.964149223591107
43.25186586411405,40.863455669238135
-66.0326799569397,59.32765298324074
28.25504135186937,-8.991063120586226
-86.27111123607617,-19.129712141630645
-51.86014675046373,28.809480472350163
-8.184136622384194,38.07512614788849
20.52850503896618,95.13790435108342
-58.369377659247505,8.82310223698604
-60.744361797342286,30.87578268644333
-60.11834819478123,32.60474952882127
-43.16322952450761,13.843265799605618
32.21219358331349,-68.43096312420953
4.219692135396231,56.63734811304576
-58.174852209125156,-4.5156653100470905
-87.08626796335292,55.93711140734442
-3.839955624081135,110.2622017133276
-41.72643212163038,30.2605300949937
69.16687937263343,34.01744769399228
-62.39333712437512,54.8390031908262
-43.24218170868022,62.28449451067038
-63.29178801735975,-9.062253311281601
-2.707182311520695,56.785285860150196
4.944761491234171,-52.93264451852256
70.3120153311911,-55.89710245928693
-26.587205436687825,-85.70790286682342
21.670967780266945,-15.360815464288432
67.48300966327201,-37.84610463232232
-56.577736596669,-16.80540633656597
61.55635411145685,-64.75600058906029
33.22916790646394,77.59205009203689
51.93426674029617,-11.496566070650331
62.513375263381604,-10.471535177838591
-124.80912836019206,-23.333369974360693
-16.395856713641336,22.262469103344568
-7.951173752173749,-1.3585488071030447
-1.2754843396603697,65.17932066301297
20.37401534833911,27.737621831091364
-27.664683229901186,36.070082087878085
-66.67481604921187,4.368608899306992
-35.78587490502048,50.10452579563916
-17.280254614649436,-48.56848205071428
26.50906819579862,32.44584764700868
90.53360805557249,-2.117563427376588
45.26447443016485,-58.96960239979286
22.646110199171527,-82.10523882884384
0.8091144474314547,-63.644995587444704
-67.72664031484913,13.927706281889975
22.438028645881744,113.39613087470573
74.13830875852707,-28.018631521047674
-9.760464018053419,-53.125134510850955
61.35227062776563,-21.0153067199166
-15.557021895945566,45.7975102133489
113.42471811411968,-13.905123987616129
-10.6763840932298,59.822726618173846
3.9014677721199096,52.71355115969051
-110.75161173895816,-65.16483360525132
-116.2329218401133,41.2961551025317
-32.25302584889543,55.93254510287798
10.756577605908157,49.75199540691432
-5.992942085357762,-25.02392840971426
71.07761328467231,78.55511933992591
-71.97893289219348,25.125585015628463
45.36783941849739,-93.41425819786795
-27.181576031059762,-12.790295397764643
-23.60292873195624,34.204715973335865
26.161273687641547,101.33978073378344
33.30479622840735,117.19584561464578
-47.18882499533232,40.78676255129456
-86.80417037387058,-67.06159519053104
-22.936951444960215,-61.23961109216907
-55.46476532495909,54.20789369789419
82.70076900950934,-21.965210490611533
-86.82623176396558,-88.83797318251406
-40.278189949222686,22.02797159379415
84.2881857816835,-20.83785111124324
-35.158805715428315,4.818438581954732
-20.48523043718949,-95.62685956441234
-110.96894610314988,11.734010229996137
16.376848325837784,-81.63706564755836
34.25453506831684,-79.25335308549282
-22.63025240371712,82.80957554741039
70.87051208194721,-19.939262147695192
-5.827202291055879,-45.16272612814137
37.83954532932986,-87.8484039953037
-36.86213996079553,52.07626657416377
20.20439746625294,-13.050923421294943
-39.032564154839704,27.899617492353983
8.95707613454493,-13.641196699384812
55.75011648083746,-32.51740659497629
8.378387706204474,-43.87693729075343
-89.95740315266939,53.8344043302295
0.9335176820623339,52.96643504800088
128.47413106749673,40.47913713684209
41.51246766388374,97.280252738988
-21.586278555473218,-84.47430970750952
49.00018467228739,-30.22504586333138
-39.497180934200216,31.43801915522897
42.68453114326486,96.19495473148956
-45.26206379976256,56.758692803482404
76.68868550995404,-69.31444045977956
-81.30297912285627,-36.8604396068085
-97.14528818596017,20.258823299217674
17.71082315299592,55.929270957756685
32.95308978240223,100.76019983168891
47.78683683367187,72.94335680645624
-32.08326722505845,27.4938870813422
18.194233546605872,-35.804988143350826
-5.608586528257378,-57.22210539768396
52.06941544741481,-28.56950476373094
41.53745807296537,120.32773058013356
-70.13386872925396,-43.66451720161254
-48.09740515360829,-88.37315652442864
64.5977769600831,-53.8361720084209
38.5738682250833,72.80942749321521
40.188467441133554,3.7637358538013803
1.7384661590642558,55.656988029348554
-90.5386351764856,24.400881336232356
-29.816437897146685,-60.85621178777177
-44.16567639504173,7.63547586290465
-33.34647248785875,-36.98498849167716
46.90096670169247,-56.924251866549305
-12.316162958688189,22.82215687016819
-83.6953835149441,67.2938310459319
72.29874252897719,145.40247721839268
-116.84971569489937,54.47069229622663
91.91235235440189,-32.13075365094457
53.46923322810281,12.297474892112373
-81.11320432651084,49.625504057299324
59.98874184772434,116.49385935767238
-50.47175556477258,50.5120168386666
-84.91208948841921,-3.5246364969824153
105.74054541987765,-31.195100833094862
58.47008881925542,-8.41128493358445
-33.93477858487316,-11.163761961891735
50.25498074198679,-36.16517434171513
-91.06166385154019,46.37766743552632
47.08941127562261,95.77671139008118
62.13549468171405,67.03071879496255
16.43102732460791,-88.16503965891988
31.85093090873272,-49.09316912952522
16.797834394421493,55.18042333166824
52.6115993524018,-51.294539018023286
43.68412796690172,70.38160991770259
-42.56882562934904,-3.2768729668868914
-6.559197336367697,4.989179252839143
-33.56882711514398,-5.16114234401182
-122.56710918573141,-104.69684884618589
-68.95789375886078,20.736262259286846
-51.970915424157354,38.78837613618782
47.883271974892246,25.26329033787797
-48.987493759634575,27.583109315585055
55.69886459903856,68.25713797144795
-66.23499385121421,80.11158206362755
8.312319319983441,107.6863076090269
32.068684007539105,-0.1917311367756973
-8.618039353049983,72.07357811489669
-31.43579609946096,55.955843919112645
-76.80704787926429,-16.135771204041134
-31.65875351982931,73.5573212153841
36.23714698585002,-33.00553635146463
-81.63025250880433,-4.610472983236793
4.136179955419814,-34.7496772754982
59.53643879605934,83.92962372942469
42.95100949783788,-42.60455653189992
-62.12254204647243,-16.676533877589605
27.423989736191714,6.304372113429698
-48.09750889479116,-60.23396627251827
-34.37063817418992,-96.89434909295966
-70.25100092199884,43.41148051649421
7.9259117289623156,90.66923726082338
43.51238993471671,-42.25278430830802
-10.546400903614062,39.59304402315153
63.329660864861445,-67.85510612351052
-20.98622492972707,18.229358101309543
-54.61196170751741,45.06469178936264
-4.505448118235325,92.494144816173
45.3027169992929,56.900715651852366
-97.07527206225267,28.907154301497094
86.5495813324091,-39.14848266735815
-83.2471912496342,108.94063230267949
57.57025211370404,63.73402018458313
50.74004081879172,-62.563341917809296
-40.36015075966342,15.058805800007084
-9.650566650097975,-63.368176724665176
42.49719299351045,81.85821078623249
-102.77883850453996,0.16142049398835923
-152.9129709974017,-34.77975975443535
51.34700867046482,-41.397421446421184
19.306628011406765,-110.60562484462557
72.81970780378502,-49.772210537918895
-27.35934096044253,-36.605795004848
-34.91539196875512,-8.534414670838375
-4.940042707055293,-76.27323635922532
16.01033497195032,17.34447238483701
-32.063955027494984,-79.21003084792531
54.41062568298783,-48.49644170622312
32.29516248156455,69.86127881093805
10.43899459607453,81.01461747908738
17.53966543433679,-60.31779063516448
31.924223509560342,-73.15100244118001
-69.33416751619778,4.082964424655213
-79.01871142173991,1.3670099863223726
-16.213189682655436,-100.18459096287407
-48.87285622186041,10.743151040721042
-41.41647666473987,-63.198607663022116
19.240029233406453,-57.08116465267356
39.312125070189204,89.3019508149972
-47.75424058136053,36.51443270929472
-74.34111116835386,12.940176488696375
-44.21651007259463,1.0931637980064863
60.04591657451677,-41.89418061753017
-18.425068030672602,-50.76578990872608
-113.41226585813871,61.22007706012083
-46.924701891156346,51.98419414465401
78.05680414539654,51.2300320920249
10.37346048925429,-89.31623895680342
79.00155908320706,-57.81973736975695
61.33859015214962,-27.367247340975027
67.88048664224969,24.725649600930964
-50.692246101138394,-103.71147921353975
32.239067439068734,90.6967032201965
-1.8160790667592046,48.4044519153414
1.1820346370859767,94.76831018536738
-99.75221023540384,67.34013010906807
-1.4614364988009854,-45.6504822361488
-81.98690880652475,80.99836420934237
25.866318250833963,45.252298486805216
-1.6298861695321767,14.401721391689778
63.801380273844615,30.31602804767291
18.804928349172812,-84.11354504105434
-62.32644163605957,-9.753998717519254
-50.12042755058999,3.689196700125329
-31.964645037908774,18.28541424278159
-44.174661076123385,55.194708479523854
-127.18424750790398,-23.921086240318207
-57.60453147968016,-11.68950588139002
-44.57756200328989,20.310142289969384
27.353780899027136,-10.261288680753587
31.64861607891923,78.45412940634618
-85.16132883939474,26.27026089313711
24.11607117909846,-92.75404165517514
-23.249979817975444,42.71298974527021
35.99117051140351,96.91652066888275
-42.20666812613055,4.20569500730583
-122.35036297939973,25.081382185944552
-77.43190631284769,62.093344442801786
20.118866258128097,106.50600490863869
99.29111564512576,-3.3038878151357736
-18.883285424679784,58.21912362567239
69.54209565082718,18.159432052394134
64.82069936049302,91.75097199959006
-0.14561409417681226,-53.00482867184908
-38.767995320016865,-2.7740804806121897
80.74557777876035,-21.07503894252788
-9.990505141969798,-89.04851708789832
2.1929767064089614,56.34645624530167
-41.378208038261675,26.784339033137073
18.797929068589493,48.832774213997816
-14.356884797798832,-62.1821951994644
-36.838985530252465,-43.48979556712416
50.32425837327872,-101.00254223526102
-28.417069864160297,75.84332411436252
30.216518519351098,108.55189171069426
-29.095128188043233,-63.14338816549501
66.31612938821544,-58.94737597968201
-68.74030198444433,33.08144916078615
56.074505835386326,-80.79538494205414
-83.84291576582653,20.919762436519875
-68.40802772133983,38.11357161619975
59.76753507133003,-35.50443797998648
65.68466712355901,-36.12222261695324
-1.6841785076831064,-14.4455545486287
46.14897130529123,53.09481826752139
-46.434071724296004,-57.13217618043939
-28.851780226790506,54.11512416443756
52.219116827366,73.24399963257414
-78.01847345744423,5.065154844653584
-70.3033260206527,57.736994288069525
48.561891492305506,86.43564299099481
-88.72008495574592,5.083960350625755
49.56195027518089,-25.416098059294196
-49.62596926540101,-25.25183688383587
-19.127899249036624,-0.9231292084451237
68.58754157839576,91.10572810822808
38.130074658671646,65.41815236891514
36.18945838250385,-24.837785916462227
-38.711218706968594,63.78746818039469
-78.89178829329548,28.524643892892392
23.009813969646196,-85.691589726871
-111.78357813865514,-32.998572761670474
-4.403371804003816,-84.26261613342041
25.080060403316967,95.98253798254757
2.382393978355392,112.86215548710354
-28.02317402167801,68.5534329808419
8.648368400915906,51.24678026168766
30.518866352420325,-103.35092630502051
88.39001912425661,-38.821838256879616
53.212805934171726,93.50462808645545
-25.694503165811323,46.63368124405813
133.771322706788,-8.295222119717156
-75.01518949945905,-10.236396573925749
-9.803962219080054,59.830148431059406
16.943425585549697,41.72434791781168
78.29917804103283,-55.96542800942861
22.622900334997873,79.45877939165987
1.4025788905652181,80.65296076486274
-18.98986891221972,-82.9650276438759
-22.56065598614935,-1.7870161786559087
-30.976825185869306,-58.64917196724848
-42.22498972137807,22.28423533478483
-40.06161823724129,66.62850284937204
-64.39283476281092,21.98021831317826
-64.26538116124863,-36.131344590892944
63.162224318095824,-72.8134490182086
71.77707509136923,-28.215824938598324
-58.6810368857215,-101.62382497316416
20.76158985878004,-23.267122404408532
-35.80638212260811,38.954205351884255
44.81670610968045,72.45353336136836
26.15562530673202,39.38798857176563
16.74938076063832,53.356987760167925
-15.646912783214574,1.7428100244333855
-86.9074684240183,7.539067015931211
66.9433202969091,-5.223025051645919
19.732939251947414,19.949292122852626
-119.04608946149023,-25.810048399740637
50.359319371186736,-46.84240492243768
-38.44358403794983,49.799358809291135
-4.615038308859232,61.2734300711156
-41.63775825047209,60.63115879883964
44.636915190459824,-37.883718838758114
54.47525188755044,-61.045629586384614
-67.7896989996254,-27.998359118053752
37.8848696244861,-63.472436551496145
-83.88878000059182,12.227435448929004
9.03540663717337,44.833022225431066
-65.30662724575993,39.26106750925132
-73.31363797121251,113.40530233687032
47.238580626708796,59.091989206853825
-78.11273077216492,21.72488665158788
-96.97475219201581,-49.48551129212035
18.56167634096896,-74.74809642389981
49.51533968921156,63.69493839659221
16.149503966962552,-10.083118231655657
-64.66941573196343,-0.42262200124176097
20.99786457604338,-56.71136209334312
-104.91297173614014,-22.303112305206604
10.255512313919947,71.15147366606757
-50.67202417797337,32.59484137112412
43.21918775270463,85.01134608150616
-13.921916253723026,-8.14108680939699
-4.084248734253061,-24.718240546580592
27.943392761669646,92.62295129133824
26.175104405523317,37.83758859822051
-15.145193043201814,8.962701873504548
-59.550842748246964,56.35833024993568
43.40801982677019,98.27604859387165
90.12942720510438,-0.9770501148036708
26.938484815768653,-62.80124363273929
-34.038744992215854,-75.31225193803368
57.67555154306829,-5.728186165153442
36.98775022872276,113.440859905603
-109.82248571749832,-104.18894998838374
63.76301371240889,120.27292392141591
-33.298409883991866,32.47103779916074
1.3637704540622693,-84.7548488453617
-61.00986077179262,73.5226437969292
-59.42244006835828,-89.14827294415316
77.77881686076303,-76.38026770359663
43.7696782425304,-36.67868561426955
18.57030275825028,-94.80557045006557
29.255238842605053,-69.92655398902951
116.02329677643817,-29.267556612375916
-2.22175672786653,19.371310378531135
61.1045859646252,102.16393787820485
-113.84131761597219,38.90906015652252
-70.33303616816703,12.687278321690284
51.38609629249177,-21.24988677883683
-26.407410274163986,1.8601374092961942
-48.43758949963444,-3.0168692858763517
-26.467102841041516,-63.453471419356205
69.43047201564471,69.86941284057244
57.73334781956463,61.16921657067694
13.209680707996695,49.730649854823504
77.58586026689113,-53.4446922252685
-6.372876458449284,73.41200780585177
14.663141686368121,-65.58428629668778
-7.303653771499286,-25.12999375603245
-74.61526466828352,43.5490736064976
4.742830295707797,38.13006469465569
-17.629617109275024,-43.9153846866686
13.216606079901139,-82.99390559660193
-8.420270274725887,-64.17876070703161
29.099363759491276,-65.65369880239518
-43.6706512630326,-0.3260252242694932
-38.22820098050404,9.728794672307231
-23.439416647681224,-27.006126631624863
22.881542137244153,32.33325442160935
-68.80062723709743,-23.893105029929977
-4.17687047163631,-77.47619963639607
31.64141890883181,-33.33719238559214
22.283457922481745,-79.93515860537678
-69.41830607157988,-42.828063185550434
-60.55252223594694,46.58491816588287
-57.99276638363092,-11.850169312352717
24.406134769430768,-51.76118822157622
-31.63369326282525,59.68718357320597
-86.60210163523337,14.09861152645874
-79.89702343606814,-9.862879067840963
-63.18164212766259,64.52101673847048
-46.01257066971998,86.14210766631837
-18.298410897635375,68.8040877897743
40.79910490309666,-13.835970205196396
-0.36915283863517345,93.41982826452943
-69.48412079646275,-12.108261452704015
-31.61576660561109,-95.65263492913603
35.95423603486594,13.006527486689688
-95.18455926272607,3.218241317838544
39.89630262727921,37.62358876027557
72.97683362582873,-49.372838388260405
-84.21767198107729,-65.67113135401287
-19.166875667651798,35.713162430333014
-18.87656690619047,78.08160199032643
-61.32699211801403,-3.5513502384822093
-6.610826488247049,6.776260445154177
-55.14156788492844,-68.97336644288386
-77.11012918720364,12.592528076222504
52.04536313976709,-5.905213673166504
-12.753200783004274,109.45363280490137
21.97273767516335,-90.99281499613497
26.601554857351264,94.79484066337645
4.970436392223846,-125.88438149227566
52.896708996750526,49.053519655671316
1.3770431061524864,-55.737642989465115
23.744635504203814,-18.156255988825922
49.52755590128922,115.4014236149486
-97.86914407858475,20.15006760057302
-52.83622192613362,67.64448293769914
-49.65352189243066,75.64239070051184
-59.16417318653303,13.391948357003148
-7.6741182480238725,24.527371929726705
-11.884069556141077,45.013109049102326
2.9298497194707167,-46.135829505577775
-9.011015515263763,20.211432617859415
11.954962552557273,-100.33866476313985
-60.01488639137412,60.41063064050999
30.433103898059564,46.155252391657854
-101.11871486097047,-12.722360562766395
46.74982591392469,-37.460700321990615
50.07533689388521,-16.987772778630294
20.489665673185637,51.86685693348652
15.186439550781735,93.64973047200806
26.265097668172807,75.94406582032306
-9.580074552026735,-20.083924282646407
85.32095631940881,-11.855239000681708
-74.45231642547824,19.552143803020982
13.420057078099493,-16.139923160452383
-18.293471542262854,-28.5442533056651
-38.5268653762856,-43.771394252029054
-73.02284452304025,42.142764340571446
33.20767450436843,62.15641462711561
22.280792630613213,-21.853311629779526
-9.21102620489335,33.36891321376309
-38.335201888481706,-78.17987432566792
3.141201324059697,-31.743241186008156
45.6325546640242,80.06846627106145
14.120722377683347,93.3920503906975
-100.5085677817223,-6.246554526063328
75.83748142337055,-68.95811582372444
108.09136118646148,-29.454475791522697
-30.907796412820257,16.883392845747196
23.21853881411906,68.73231134878799
-18.265147355044153,42.22664683700947
52.98715861629042,-102.08119319713576
-13.516717623529999,-63.23916968653036
30.436729885669774,-84.96444267544064
37.888285831796075,9.805458496720815
65.00236929042323,-50.00064509374995
-61.87571695228453,12.481032339669142
-4.797744293286474,-35.16993640723992
-117.22113243067949,-44.24981801890021
63.32345023009577,-18.545532555642062
74.08209545173435,33.51265296598774
11.704380828326162,82.03284066871275
24.70221212757647,128.74669280584527
-28.624445898088638,24.749806157755117
-154.4964775179153,21.279397318965042
21.69912982837741,69.84361175807042
-68.63292158169978,-5.322638841088288
51.25784483201909,-68.79242034088993
28.676934403849085,-147.75159703570293
16.756255388130644,51.445326154922206
-28.41763536868192,31.988170890331883
25.85739546436229,-95.45768324420817
-105.30634855769867,-36.36655014193246
47.59435167677694,-14.45812219876584
58.73374626011056,-113.23041410984304
-68.43099423964114,67.84414007302625
40.74996068071419,88.20384700455958
-63.529329760018506,-15.57439818685324
61.89300681378474,-69.05556966950711
15.344661120061332,-26.57258636633468
42.56402163342807,-22.944709608718277
34.94027222406729,84.35917430183227
-44.384959269716596,58.64380767222869
-73.42493452790912,57.85446674502657
-49.21197809566321,22.01556187064556
70.77378972294746,6.70208868679668
-23.285751520892763,-84.21158372906439
-46.01466108888645,-14.20920734465829
18.992295367038405,84.95724501907146
20.893261689334775,-106.18162922839181
70.08039474229705,129.31924851703803
-40.50611577303986,21.493178552735074
16.347260080779968,-74.76983079603563
4.016746339335846,-52.463964284512386
-45.81751902170754,8.13309055863282
18.152098299113987,-70.20824744348525
29.005099163479755,-64.19700679653509
13.939215587881687,-134.94590233270281
45.53906060033974,-19.530253287564182
-119.86733085420101,-12.02256614741146
79.86824832429252,-42.90699445631591
41.38381170415622,131.3869231254065
-58.254866625590864,66.03841480708596
-42.12819049863117,-37.823444750009386
13.488159949143032,-124.18662966932722
3.5869390138729287,92.0391183548329
57.440044484825194,94.30563130804464
30.847182580848884,-43.87092663949484
-44.930041108357656,5.988160029777556
61.94840038314604,-47.57672510972637
8.60067359280773,30.783769549195988
0.7598683169240386,-18.62098884533461
-66.33937470389868,5.643347211894444
-74.54288398117066,-20.544754752544563
32.07509807219544,90.45432811724359
50.57893262026067,-49.4669875173129
123.26271240473045,9.601633686259138
-2.357451434253951,53.903278134704934
-21.957289657610506,2.336621567086055
-41.29726678625749,14.736784109740185
8.408122367298589,-84.30488715142499
-83.66822285547153,32.23519268807058
-54.479863888264184,35.00952373129505
-89.1059565592081,22.26253562860603
43.62747226671013,-18.324491144890523
32.82096133224392,75.77443994426177
10.9608156447165,82.73041130241091
20.549225369432644,48.233671072460204
-15.465354880356603,-35.942120587737634
-21.11283803046696,-68.92870961406038
48.530918827001884,-20.896137383367574
67.27336853504363,-50.326734974967174
83.28618126502599,3.532853571001354
-63.2914717381493,-10.373865033736362
-82.37704414535469,-53.02412978296865
-80.23467903852149,-72.12182406363124
93.9879048107332,-10.184555627855104
-69.42181766303727,13.311987319206503
12.640119942181743,-74.58218645216296
62.51222825568921,124.98015895681641
-50.752591659439446,49.92587628291606
-13.423251591569372,76.41051181609946
-6.560976991627268,38.73322418182646
10.635367054198035,72.04452861866078
-110.74433079823496,-30.259448306991903
11.471003679965914,-37.57799986761084
62.94933088953566,-48.97257341232674
-12.198232178802538,-118.83874895653473
17.106681505592825,-72.21644309300734
-18.49337088598896,-7.3755592494699185
20.316488455514396,2.2732713600094954
5.718755512948943,-7.964856225763615
-75.27541216701009,10.351853849872416
-84.01217882595593,9.59446623412694
80.18825244838314,117.11099098489728
37.85698440692298,85.01765069068442
-63.04933455173183,3.4046120379712193
-24.295042504044726,39.06741863551085
60.903124565619706,102.1399922505131
82.12785817991758,16.058056028979962
71.49507283402961,-54.62426490559582
112.04757866909691,-55.765919390384425
-8.275961481067622,56.04522742098397
50.825317377013675,97.31736026156103
-79.84783904989665,-4.113541901464659
15.952576460634148,94.26092225634274
88.26498512746994,-19.882062732396637
-90.50633798373877,-43.47542642774343
-73.33891302719694,47.36079266987368
56.81289097932197,-57.38745124664703
-52.28413452949222,8.72173613784732
32.95034381014599,110.97871823305212
2.617974006598362,-23.04588366545277
-3.143050342252401,65.06214262768613
-49.13444609571516,63.06063552043078
60.33744000047086,-34.187108969002736
43.83477627672315,35.92324374226852
-15.806649775935739,27.02573310979496
36.85726600166575,-47.75359286315689
39.20315164407447,35.488552798367465
12.388601635902228,56.33951424579489
16.45020381911477,18.291155247525133
44.44669353940975,102.42317086835854
11.53732778573848,69.31827467567467
89.22839333618091,-18.103018979676307
52.463821805181155,116.58718671685935
-54.112137342114565,-72.45457635196308
4.1478798927321066,-84.29987870202342
-66.46268990409595,-54.56735132457786
54.07687733377272,-66.95555959915623
-143.31594560330615,24.517636589780814
103.5764772791717,-43.31572759310548
-6.502860675740423,19.50428099327034
41.56500947653326,-32.747649284867826
23.34464842885725,119.22359595364185
-101.49336187798085,-33.36044813161186
-43.821543971320715,14.630965733944642
54.02726849958823,-5.246960339698806
-114.76532416420415,15.163993756725965
59.12036188266678,121.78486128549386
-93.27315132934433,-41.30271268155641
26.612472966976707,-46.79211574913497
57.37372493734178,-69.62612133699521
61.725670289255675,-27.586333087656218
81.54424094610718,48.994222602023164
-87.30827823155684,-6.270839873927878
26.78930287502335,-64.69562233156996
-41.98141813040013,66.68759269064766
41.182112271823726,-57.810500822937286
-16.08273617869372,60.36389439189104
-121.47465532079612,-48.64716219595607
13.571118418008727,81.8982144377413
-83.80526964041981,-23.212008704016938
-81.86475485743387,18.51365116630902
11.281623790539571,38.23428050964781
-89.1415557994057,14.058375892877404
-122.94193188874003,-48.30541063187491
-96.00082019852339,45.04127349750314
-115.12231744110454,22.357216433800943
69.07467207904861,-38.57311002460578
-19.04515480364146,-39.48169821625144
70.86791393261458,-26.78752794884567
12.498227834925896,99.44142880713052
26.098498738952962,-22.822279843660304
-66.10663500617503,46.90009339739184
63.32617916909069,26.03053511949827
111.81407844712487,-27.577128625189104
4.537481838277714,35.78497941640563
-46.95276357728949,62.142495027433505
-51.99380929472966,63.53341085307059
-51.73746913581414,12.678022370730961
31.1993796105087,-30.141716730754744
58.1531709357249,-67.17817943879741
10.03409306616063,-51.34294255529542
76.36873643410864,121.57661425584024
135.52373395923158,-21.158485724132113
23.633619103691895,46.5978980187839
9.10400001841741,-42.13781533796883
40.297040431871295,-72.48950637669941
36.431950824490286,74.03292913644626
-91.46947172857449,-49.595179305530145
24.912022781306277,-59.0476574347589
37.54101113250747,-104.1734318364113
66.30610214186859,84.46511538263073
-80.94588816402943,38.789955136134424
-27.192376876641525,4.526149340789184
-103.11162816111714,-18.322387800818426
9.65416706415695,-79.69419336762401
79.05106456047773,-29.02129516345408
12.212630519770856,-10.704923022127247
48.6469571737273,-56.67013773295845
-113.15310132730812,2.1972509147136883
24.914159851923017,62.58310473958829
-20.580867032306067,-2.5335775705862122
5.60777139591713,-49.95747793361472
80.77512991857509,134.79844596751994
64.46943356586063,-31.729609928600393
76.38725379353531,20.912639954821227
66.8408344903101,-62.317742801799234
-81.21226639536826,35.22927115273713
-112.82196519091306,-29.836818519779346
-2.6839646008833338,61.822636771210554
43.48924331587955,-58.76257991290099
49.4491006744296,160.77317319407825
72.40886420463983,113.0486052613443
-86.34214266448524,-18.05239287850577
65.42558724987924,-19.07590702986442
-61.805661477360495,92.83071126276207
32.63001513924328,123.0864482847108
-39.15816425678405,9.265103745472626
-127.92850272499565,-7.807422414870178
68.72533100041329,-20.87569548204786
34.828194981947256,-44.20536601151632
14.09283972084859,-58.39993450864375
30.921495644821754,-87.87844763369834
-141.2197503470369,26.27772740902424
66.83056696365304,21.76524882660189
69.17468328885391,95.08221118242918
-74.27624656158788,15.363551202111884
31.06846179676335,-55.8901360522133
74.53843720482895,-13.35489866965372
102.59895087045746,-23.80339631858447
20.213356351935587,-58.97906741505057
-38.606494144727016,2.3794914316141833
25.568896967028202,39.30828211923957
23.49503226474282,115.21955400711519
2.798304333636402,75.17737417372214
-75.7954303234822,18.686852683682595
-15.208600403384462,36.70141986430805
53.87049381052417,-25.408772962534215
44.33188687413269,-45.98226802264019
30.58665350409094,46.540498850724404
-8.001995355554294,36.53783362755049
-74.42508324350858,15.170443380884912
-88.15920552321317,12.778824302942283
67.99036183520063,-57.59089867516454
-11.959897158051596,32.32445064212063
25.324998678560863,45.19290044693963
0.4874727639395493,37.415470965989
-58.69096964861593,29.910432696654183
26.907395682038732,1.9539957377226793
-51.95521613267174,86.34687502937115
-47.15033817796599,44.86367490855804
16.7583208469242,51.80386303307191
30.708075685835347,97.20983959067011
-80.26196802649353,-34.983635557198646
-33.92123680198783,33.24813975669524
11.595432299132895,-41.241639200804954
-22.422726548657913,-9.316342861580738
-36.747659024489465,52.944649628340265
75.57797233720642,112.77173513910091
-66.01550462063747,30.131953634050625
30.57446161183065,-83.79305720835839
-59.528986480704354,-81.13152020145031
34.647770970100815,-19.971062855710755
-84.56800254381623,38.6113912660127
-4.335553280691574,-16.67351729930104
3.672822470382666,-54.170321483948555
-16.123433038713333,13.94145813076403
-125.99765212464793,-51.89304004064883
78.65925877751553,-73.7674897241315
51.721988636243424,-57.86807547813872
-55.26923630520225,-72.92997864191014
-97.65557322594047,-5.435424023548739
-92.16972369747255,69.2227121804938
-27.867863573630636,57.855391985434125
23.42855134466459,28.457272231687455
-39.674177288303916,22.194434059582512
-2.3753897895060714,33.49436943948069
29.8844826354675,-26.250330912454643
35.876534143891824,100.18992646015477
-19.838482669775317,40.14446759693378
-58.72944312516415,62.61655270017868
-23.177991881973803,-81.80115819772926
-28.372177816819736,45.22463653251309
-42.38848043491717,-76.98864916586746
18.001839698117013,39.68805858531257
-31.295360362461565,33.97840522947633
-46.01223034590087,21.995387444691648
27.096237245976855,-104.03271525777394
99.73038483204024,149.82255033751065
-8.565244614522129,-66.2253099082315
-114.17531593583806,17.40218350662125
48.736066874335684,78.64719807550867
-82.30922399209176,44.06945459948014
-100.81013249404722,16.779738647526777
-67.28649895110433,-44.594748921902166
-43.199890593630045,14.67102709000589
-38.1934460992894,-6.942478085363641
-103.82535560151939,-38.41843893848535
58.74912072479792,-2.648439034439834
37.56622469785743,30.36108344374147
-25.946760360119367,-20.664977130242363
43.63966264057032,-16.896771700941656
-91.41179485814695,28.208597570300235
65.91353076413597,88.9472848820325
48.597350449423885,-89.18851506219858
56.16675679756422,-46.44829809385678
-37.547675104056076,18.06278779089518
48.30652496278762,18.6002761044655
36.49363362000011,102.22134377411172
34.95007523880579,-6.435620329899294
-38.67136261733243,-4.640305488493357
-116.8790678302543,28.89995068924555
-68.32414405223858,-63.45648205642559
-98.85447614197469,9.91848402399808
16.75734285717901,25.97835480458582
70.16715933438323,112.99751339280084
10.29228059524745,58.00693898821492
-63.741795868338215,37.47362478028113
-29.829406510546534,-76.2323048936604
40.60734686419519,-103.47588404270594
-12.581143518557367,3.8016381887744237
1.2751347390735042,-84.65857192364092
76.53970383048446,58.600422933382305
70.6494538996323,-60.530851034870615
-23.19934983466263,-100.90162402599933
92.39715218283277,-18.262484353408205
-78.4431200053834,20.808319548113666
-29.976583297297324,36.134910959357555
-87.79227207513868,28.173790000453785
32.213901079822435,-45.107693700526525
39.72366305522662,90.48255609517848
-12.474824318805249,-27.939817025992156
-36.05403983371902,-99.1578168830248
57.02106599361623,168.06403530862053
83.42721435048023,-33.667351458363385
-31.09697715837022,10.552054854083933
-119.4062138627182,-60.08015911146958
42.63968783804462,1.4320835912504908
-26.793070042040156,54.26503498699144
35.522274739426685,66.99614544107
-50.973859080708806,-113.08636818214397
-13.269515606551149,-20.835250012411958
-8.217514046327107,-66.87658816614083
39.60234108426878,-14.175646794512405
-123.3285063243826,-22.279414160891346
72.91717861557669,-65.86920591234525
-6.123499183984702,63.08590497318555
-14.132143056552913,-18.59259294551102
-86.47966201526825,-10.224681691089042
-22.055152493752715,36.169873619070735
77.24383557273146,8.97369224399676
44.859595614786485,-21.541689124378813
-79.99726540210185,-15.408890593808545
-65.83803389189528,-21.48143213490843
43.95864848029553,-10.562850852284756
27.782780585319664,114.29208765813364
-113.5150500788694,5.559575034205526
2.2353305921130655,-75.5633372756149
-38.26982640634809,40.64859474153686
34.85582920539452,84.34722220982276
46.64280529210612,-50.531951944886075
69.86716967390367,21.153590577728178
74.60029243352922,-32.93293148129464
49.99869373513289,-34.65795502441132
-13.469498642456415,31.811942397746304
-47.48560448670189,3.0120562335058327
40.348424471803405,77.1102676140425
-114.93175852235188,10.84973588621191
22.366239282853094,-26.486628295135546
-45.959897168002854,44.849909898611
-63.230040299210465,40.053061595144214
27.578875431308653,-104.99440624156216
-39.1700787495419,30.907016109019544
-74.3334414723542,-29.63122132304639
-32.59452586259461,42.06154991736081
53.50186599131286,-38.50280677590279
-21.84770807507391,68.25329354938708
52.09872519548787,107.746449944712
79.56815765212167,24.18013667193867
-100.85261478257578,25.851010469044297
52.03444094763279,69.20008229941601
47.97688709779892,84.74259593578881
-53.74820953639977,20.626532696911987
44.41158260214664,-21.913592619227302
27.596132137465368,50.4898763807213
-75.27354164470759,1.485284146470903
-1.902244479277286,67.37061252261933
-2.715758132935153,-4.052751290607882
-62.59469126415239,67.65195272768258
31.045266703416754,-33.09623233934324
11.213637136966646,84.66094461224417
-48.153762564237894,2.2147970633711616
18.015065381287062,74.44585586063445
21.769005643309207,-23.31414748554706
36.07826837411443,-32.555000516988194
-10.23780691472732,-40.94839536588405
-39.68517980273958,-28.52274950432753
-1.2046435826201094,38.41732593383067
19.49936220774369,-37.95124941174473
-67.24917528981092,72.37703851317008
10.33501285554571,70.23430286623778
3.7967844197666114,58.37536357204877
24.09151617857418,-72.17029504182639
-23.262591800864,5.7326981769789604
46.61865880381298,69.52783259236926
10.555839869346489,63.02663278683899
-30.48287034724996,98.3951221159295
31.23590220402553,-44.001330123384236
44.582020055288446,-12.338666115780251
-112.73143514136414,-26.014537471995762
-9.204524466979809,-77.73263262008903
-53.01928954520371,-11.503637644019744
21.79174805654041,85.30023766166522
-139.03581486287402,-0.35612075940814947
13.091960479596818,37.53341177276498
-31.216917084393657,48.79461106496847
-34.40842833337787,9.021809372154614
-38.25891086150493,18.04291409983377
-42.495760157053056,81.52285233642682
-75.92697123832433,61.03057579933373
-59.195741406817575,38.16755409404594
-70.96224752612045,-23.07048153695294
33.008927987282874,115.2645432285799
-2.19804778281409,-69.41691799019593
-56.83289612797458,-68.31432472987998
-46.999281167464176,-12.01719443182749
-1.2500154978794598,-61.505290704434415
11.453886197175608,-63.97420987342797
77.47111300439965,101.36965499875289
42.61274265634759,45.307817619176014
-22.784473742624577,-50.57072029403106
44.45645725411683,-48.534764008730576
-72.82863603756147,-29.91846044906699
67.87014761410894,16.937903136867803
-17.201371191251532,33.06091476903278
-116.06031408945404,3.682969100335555
11.993914876964912,56.44107849017556
54.263406210410004,-30.90014003888983
10.690865676689151,51.83328102002717
-37.138331575211346,13.157754717871638
112.38631361243463,36.106486473924285
-32.13736971446519,-56.13505631436303
-39.31991098083607,57.41802695087117
60.23818465507716,-29.954135493573645
-49.185839910751206,24.86570264079934
57.582223835466024,-74.83498636270699
-15.228330808514189,41.58483760563417
27.4031853274274,47.10577977501083
-27.416156499257575,-92.07572573380762
3.1021088567958577,13.214922657113704
-84.31551126176673,82.28665929749134
-101.74413935076542,-36.96817980388579
46.229360293805954,-72.94192487925035
67.4306816161949,89.98989965906526
