epoch,w2_loss_train_samples,g_OT_train_loss,g_constraints_train_loss,remaining_f_train_loss,mu_2moment_train_loss,miu_mean_train,miu_var_train
1,6707.42766560415,"[-2830.668178562592, -614.5915872923536, -10.845845084012385, -3.7690858402165266, -3.704037523708411]",1.1446396185478405,"[-2167.287253736388, -587.9934928619148, -11.019195389665352, -7.0996051291438445, -7.858630572035909]",346.6396681627234,"[-0.6611716747283936, 1.9034725427627563]","[[340.4140695821729, -325.28100463992206], [-325.28100463992206, 343.73678157936587]]"
2,5868.737056986441,"[-4668.492733764651, -1672.5134335072833, -26.14752558416791, -13.943416002127845, -13.222359434697355]",0.26529894444367147,"[-4618.6930372111, -1609.9482057189941, -27.05699718872706, -17.279459017515183, -17.920004964669545]",1215.3704134928373,"[-6.8894524574279785, 0.7813107967376709]","[[1135.486035777415, -679.3617318385365], [-679.3617318385365, 1260.4987399033894]]"
3,5811.145219993405,"[-4908.931282212998, -1808.438565945094, -28.245727965964228, -13.546073104739184, -10.78811586817105]",0.09472962720914636,"[-4880.736487223307, -1793.708230641683, -30.776261483033498, -21.125041390260062, -22.39320478995641]",1353.268857421876,"[-1.7345998287200928, 3.2830374240875244]","[[1288.9612473579223, -654.0580025454243], [-654.0580025454243, 1430.103777925085]]"
4,5810.537745086246,"[-4899.001147816975, -1806.2187675899916, -28.12487908667989, -12.095858347680855, -10.442750034994555]",0.05680542501698561,"[-4891.3565316772465, -1796.4125991312662, -30.789253776073455, -22.34870783964793, -23.14389320453008]",1353.2142036132816,"[-3.1981728076934814, 3.2192764282226562]","[[1284.702448384272, -649.8689558743503], [-649.8689558743503, 1428.2086638212384]]"
5,5808.458107268178,"[-4903.345503743485, -1787.7534883541528, -26.77723100410568, -11.211232559813395, -11.557229612006086]",0.03963836241086637,"[-4891.496267903646, -1816.7038058980306, -32.13124411900838, -23.355893138249716, -22.122524217764536]",1353.4783935546884,"[-3.0847554206848145, 3.0996363162994385]","[[1289.5700330262525, -650.1118537052621], [-650.1118537052621, 1425.2005293618695]]"
6,5809.720984101717,"[-4898.77683654786, -1779.250482957627, -25.659954596890362, -10.145891499254446, -11.672337471644099]",0.02898596349935461,"[-4883.382028401693, -1821.5333722941082, -33.23951033910116, -24.396413048108418, -21.89679372549057]",1350.8096598307286,"[-2.8891844749450684, 2.9968624114990234]","[[1286.7143976405541, -649.2104994308331], [-649.2104994308331, 1424.4517798287086]]"
7,5809.2605299789575,"[-4899.815398763023, -1775.4435001373288, -24.02644051684275, -8.323353044059544, -11.636929681168665]",0.027826360124551367,"[-4897.2810650634765, -1828.1843454996745, -34.98111226320267, -26.18638553937276, -22.11804086605708]",1354.1880208333332,"[-3.0718939304351807, 3.2184672355651855]","[[1287.02701541738, -651.7437565505567], [-651.7437565505567, 1428.5484741140185]]"
8,5809.263999700071,"[-4886.725638037785, -1774.1104572465674, -23.78800897002221, -7.810064586003626, -11.571819576687286]",0.02019833551312333,"[-4899.655268147786, -1829.138681640625, -35.22991810162862, -26.765272805690767, -22.139945693016053]",1351.977464518229,"[-3.068167209625244, 3.0846402645111084]","[[1289.0421366446049, -648.6857624719705], [-648.6857624719705, 1423.0474442739398]]"
9,5809.3021245928385,"[-4886.01155202229, -1775.6241218058271, -24.48696275565359, -8.168866046932006, -11.431157097684022]",0.017742694505141113,"[-4905.543802286784, -1828.1180499776203, -34.61691935618718, -26.465640468597414, -22.244961264133455]",1353.1519251302095,"[-2.953188180923462, 3.061736583709717]","[[1288.4027349162877, -651.289299308582], [-651.289299308582, 1426.8747047075653]]"
10,5809.330729150402,"[-4882.162416059706, -1770.2770217810742, -24.372831470568965, -7.90770272625817, -11.29300918738047]",0.015594034953974179,"[-4907.433859456381, -1832.7155710347492, -34.72438757737478, -26.698146936098734, -22.373247984250387]",1352.6154539388024,"[-3.055148124694824, 3.018671751022339]","[[1288.3299592178346, -650.8987520417891], [-650.8987520417891, 1425.5115021710262]]"
11,5808.753571194974,"[-4887.968665262863, -1772.3175041961674, -24.91385427713394, -7.609714486069149, -11.14794586393569]",0.01500811511398449,"[-4902.314530029297, -1831.9072279866537, -34.17463495890299, -26.970836587746938, -22.501138832569122]",1352.7004335937506,"[-3.0282392501831055, 3.1093780994415283]","[[1288.22233901844, -650.2491456820903], [-650.2491456820903, 1425.278062868593]]"
12,5809.249038949542,"[-4884.911224839958, -1773.3077999030224, -24.82153881033261, -7.479888306988605, -11.018053466081613]",0.012660692276161479,"[-4901.138016967773, -1829.6999821472168, -34.314375149408974, -27.187339820067088, -22.58084255774816]",1351.8747734374986,"[-2.895759105682373, 2.9672043323516846]","[[1286.6393859161951, -650.2623798088533], [-650.2623798088533, 1426.8376686272309]]"
13,5809.203814948405,"[-4886.304891204829, -1772.7805336422389, -24.68692808283698, -7.563671642409428, -11.095565332306768]",0.012405517797257438,"[-4901.324520874024, -1831.6469904073078, -34.385271628697716, -27.020809129079183, -22.559804855187735]",1352.4341443684884,"[-3.0380499362945557, 3.1512303352355957]","[[1287.4066630895115, -648.5864673654085], [-648.5864673654085, 1425.1666771685066]]"
14,5808.816113090197,"[-4884.28405437893, -1780.1992437489823, -24.7953825030062, -7.5565436289045484, -10.99500463154582]",0.011865586541696557,"[-4903.710564778646, -1824.2743695576985, -34.35004622618357, -27.072963552474974, -22.676707028547924]",1352.3494716796881,"[-3.015223741531372, 3.043947696685791]","[[1287.5427695846329, -649.9326738936348], [-649.9326738936348, 1425.7589704262127]]"
15,5809.418785352072,"[-4882.964620157874, -1776.4000133344864, -24.008121045430492, -7.014744320975404, -10.619072491327918]",0.011189113840486651,"[-4907.99189046224, -1825.7209136454264, -35.16373354991277, -27.656650399367013, -23.03988691329956]",1352.7837879231777,"[-2.9136126041412354, 2.9825785160064697]","[[1287.026710317007, -652.9280380583684], [-652.9280380583684, 1428.1840877563195]]"
16,5809.040629540971,"[-4874.299303080238, -1776.7515444776739, -23.258007455269475, -6.5524439893828506, -10.740741447475214]",0.01065880217560334,"[-4911.803533121745, -1828.5279035949707, -35.79449525992076, -28.045370089213055, -22.959016330242157]",1352.2252423502603,"[-3.0874147415161133, 3.1390984058380127]","[[1289.3159659861703, -647.2227416578456], [-647.2227416578456, 1422.754401186716]]"
17,5809.208440478699,"[-4878.095940297442, -1775.9378300052217, -22.808045842912485, -6.1911480355262745, -10.728689551221002]",0.009751884224759933,"[-4906.382592976888, -1826.1899450683593, -36.2319451824824, -28.38188638051351, -22.957734186649322]",1351.3438401692702,"[-3.0540823936462402, 3.150559663772583]","[[1285.4278703184273, -649.042785996256], [-649.042785996256, 1424.990014229157]]"
18,5808.98415803411,"[-4879.571455671524, -1774.5869964090998, -22.011962617900622, -5.835060002406439, -10.583325058354278]",0.011195182400438673,"[-4912.656248372396, -1831.0717328898113, -37.10524762789408, -28.790856881141664, -23.130171125729877]",1353.5191323242186,"[-3.0050902366638184, 3.07271409034729]","[[1288.6085234250197, -649.540074899538], [-649.540074899538, 1426.8485388006798]]"
19,5809.16971383243,"[-4873.113968556723, -1781.723658311632, -20.716209377050404, -5.370367103020353, -10.663632965882616]",0.009948115157086334,"[-4917.855499674479, -1822.5636562601726, -38.36404679775238, -29.246819276014964, -22.96660221338272]",1353.0601971028643,"[-2.892030715942383, 3.0784738063812256]","[[1289.709708170208, -651.2776442806762], [-651.2776442806762, 1425.5522395800526]]"
20,5809.678408047568,"[-4876.369502682156, -1781.084734056261, -19.64079265276588, -5.050700585577219, -10.734930753707886]",0.010493166010645733,"[-4905.764131876627, -1819.2161570739745, -39.37888316631317, -29.501302273273467, -22.935753289063772]",1350.733028971355,"[-3.063260555267334, 3.0655922889709473]","[[1288.1477134583993, -650.1769930636145], [-650.1769930636145, 1421.45993998874]]"
21,5811.715410410974,"[-4881.520798865426, -1789.9293658108186, -19.32933482249579, -4.613521969980663, -10.66322583847575]",0.004079195131942266,"[-4902.824329223633, -1818.8954535420735, -39.57910058339437, -29.839205152988434, -23.149842834472658]",1353.884996744793,"[-3.252424716949463, 3.394139528274536]","[[1281.3372365254652, -642.2769732998455], [-642.2769732998455, 1431.4521788603279]]"
22,5811.522838633013,"[-4881.93135004679, -1782.0154562293153, -18.65583852185142, -4.139475390911102, -10.399990831745997]",0.003374978771106627,"[-4899.857861328125, -1821.971310272217, -40.299619994163514, -30.35470503648122, -23.32504234790802]",1352.3099835611984,"[-3.103109836578369, 3.1809632778167725]","[[1289.0381490893974, -647.01562138386], [-647.01562138386, 1422.945043616554]]"
23,5811.466233271124,"[-4871.260842980283, -1775.0148076460096, -17.562274720933694, -3.7351389842563214, -10.159241592221797]",0.0036084088269207172,"[-4904.790862630209, -1823.82039159139, -41.39320876280467, -30.77866369962692, -23.444489992459616]",1350.0835553385425,"[-2.893003463745117, 3.1071624755859375]","[[1287.180379127661, -649.6824578535998], [-649.6824578535998, 1422.0410165670369]]"
24,5811.736315166634,"[-4870.860494181322, -1777.048087590535, -17.114282024171604, -3.5817964164415996, -10.240454439454616]",0.0035370713316014084,"[-4897.263760579427, -1821.6888761901855, -41.82208879152934, -30.948492023944855, -23.3236939740181]",1348.6050133463552,"[-2.8864972591400146, 3.0984561443328857]","[[1282.5501637261175, -646.3976428551728], [-646.3976428551728, 1423.7764439070265]]"
25,5811.43846883186,"[-4876.573567301433, -1778.351435894436, -16.55171215401757, -3.6448320392767557, -10.22148767656751]",0.0034698513591623244,"[-4905.556259155273, -1822.693907063802, -42.41887672901154, -30.91078065633774, -23.34243409395218]",1351.7307410481756,"[-2.9603641033172607, 3.060182571411133]","[[1290.412167850452, -650.512103258268], [-650.512103258268, 1422.0276253931866]]"
26,5811.606668570251,"[-4878.9675735304045, -1775.700772713554, -15.89471430540084, -3.7167735775311797, -10.18423519889514]",0.0033183874064545513,"[-4895.397270100912, -1823.1709426371256, -43.015020937919616, -30.827651850382487, -23.391502791245777]",1349.8150657552087,"[-3.0096917152404785, 3.076547622680664]","[[1284.0112088864487, -648.8930915826114], [-648.8930915826114, 1424.166638672618]]"
27,5811.556229002206,"[-4880.300833791097, -1775.8733890024816, -15.543182683785744, -3.7169790956709114, -10.054380418194665]",0.0028329186054017732,"[-4902.936419474284, -1828.8237235005697, -43.45374442100525, -30.875957564512888, -23.562220537662505]",1352.7647164713544,"[-2.9952213764190674, 3.0772182941436768]","[[1290.995845069805, -648.0989073788892], [-648.0989073788892, 1423.2069167979594]]"
28,5811.523209503121,"[-4872.135706973602, -1773.041750598483, -15.152847066190494, -3.7459689841005486, -9.948708710140655]",0.0029497064383273643,"[-4901.693986002604, -1828.1857089742025, -43.82551956653595, -30.87170707464218, -23.68130153973897]",1350.1767114257832,"[-2.9978713989257812, 3.0205624103546143]","[[1282.3487145740703, -646.7583581360917], [-646.7583581360917, 1426.977623870776]]"
29,5811.556957660202,"[-4876.86506637573, -1769.0354133521198, -14.634718039565639, -3.713260767857236, -9.922096065680186]",0.0030647493013141996,"[-4895.17359375, -1827.5293687947592, -44.27089220046997, -30.81103537003199, -23.67102872769038]",1348.8622285156252,"[-3.034287691116333, 3.0754122734069824]","[[1289.2325168148432, -649.9100193642288], [-649.9100193642288, 1416.8698923636946]]"
30,5811.462792157171,"[-4875.338042161733, -1773.273541310628, -14.143599576420234, -3.705355235470666, -9.945990875297117]",0.0029198719978416575,"[-4899.40984375, -1827.9083670043944, -44.817118728955585, -30.88942039489746, -23.667794036070507]",1350.3096567382806,"[-2.9852375984191895, 3.044764518737793]","[[1284.461636015231, -647.3674798108536], [-647.3674798108536, 1425.0359931799678]]"
31,5811.321158153323,"[-4879.439031117755, -1771.32027850681, -13.474225804540836, -3.6696580599413937, -9.797368313868839]",0.0028781424435631695,"[-4899.474967854818, -1830.5152319335937, -45.53052122592926, -30.935117739041647, -23.81287976026535]",1351.2128933919269,"[-2.894115686416626, 3.0392024517059326]","[[1287.433904446088, -648.7493097828575], [-648.7493097828575, 1424.47225007443]]"
32,5811.265670713207,"[-4877.388506062824, -1771.3970370398624, -13.074615201155334, -3.457326212988962, -9.8662660042445]",0.002865857403553996,"[-4900.285818074544, -1828.5620785013834, -45.870195086797075, -31.067504669825237, -23.729896366596222]",1350.5311251627606,"[-2.9467175006866455, 3.1465911865234375]","[[1288.04008265074, -649.590474796205], [-649.590474796205, 1421.5071177375721]]"
33,5811.492358215119,"[-4878.368981984454, -1772.609879726834, -12.201956177022723, -3.409721024433772, -9.783762909173955]",0.00281808034272722,"[-4892.776992797852, -1826.9361439005534, -46.732741607030235, -31.162249065240225, -23.83446091413498]",1349.2680043945302,"[-3.036607503890991, 3.0101511478424072]","[[1283.5998505203152, -647.0632570844168], [-647.0632570844168, 1423.7087971921057]]"
34,5811.385442225987,"[-4876.259534284797, -1771.0387996843115, -11.026403620243075, -3.3741836513413315, -9.744429026179835]",0.0028536110188320486,"[-4901.252659098307, -1830.2843909200033, -47.90554774920145, -31.186241539319358, -23.892207384109497]",1350.8440441080734,"[-2.9799985885620117, 3.113467216491699]","[[1288.1468547886088, -648.4534248791042], [-648.4534248791042, 1422.0575988414946]]"
35,5811.040563435291,"[-4874.93106114705, -1770.5046173350017, -10.393183902104694, -3.3510939388804974, -9.755679942104559]",0.0029860747468127445,"[-4905.019767456055, -1832.663491821289, -48.49505691687266, -31.181954707304637, -23.911550618807475]",1351.5202311197909,"[-3.0907435417175293, 3.19130802154541]","[[1287.5858185917757, -646.9670053665471], [-646.9670053665471, 1422.805352927803]]"
36,5811.253792949097,"[-4877.397341003415, -1769.7670572238496, -9.49472287919786, -3.228870213826499, -9.718245843119094]",0.00287407683405844,"[-4894.213242390951, -1827.2259385172526, -49.42257000128428, -31.314545313517254, -23.870015083948772]",1348.715850585939,"[-2.9990158081054688, 3.063695192337036]","[[1285.3196124728415, -649.580181484165], [-649.580181484165, 1420.7708359453816]]"
37,5811.45556113699,"[-4880.106226993141, -1771.6853099907748, -9.184866397380837, -3.291167790889742, -9.727236506409113]",0.002936927982308488,"[-4903.648590291341, -1831.053706817627, -49.77701217810313, -31.299056814511616, -23.922241818110148]",1352.4252893880205,"[-2.994887351989746, 3.0671417713165283]","[[1286.3200546108772, -650.0012787245535], [-650.0012787245535, 1427.2535610578675]]"
38,5811.335378922041,"[-4871.374130249025, -1770.617926144069, -8.752818553447726, -3.383248903354008, -9.653106961647671]",0.0027117107138231733,"[-4897.742638753255, -1827.8259446207683, -50.120851828257244, -31.152245194117228, -23.915831428368886]",1348.5338771158863,"[-2.999398708343506, 3.051482677459717]","[[1288.3884717884748, -647.3627351389933], [-647.3627351389933, 1417.417180954837]]"
39,5811.369714813923,"[-4878.879343176947, -1773.3868337419299, -8.665950586530899, -3.4264298582077033, -9.639771163066236]",0.002570476873774572,"[-4904.864748535157, -1830.47353902181, -50.2752023824056, -31.150663391749063, -23.99536733786265]",1352.5948802083328,"[-2.9813804626464844, 3.105506420135498]","[[1289.4020122477743, -648.8527166333035], [-648.8527166333035, 1424.3670888785593]]"
40,5811.262428103661,"[-4872.153495449488, -1772.2879269833031, -8.006573257446295, -3.360640021827484, -9.580171352889804]",0.002523747901674748,"[-4892.702894897461, -1826.377295888265, -50.824267800649004, -31.174263693491618, -24.033268478711445]",1347.6898343098944,"[-3.0547666549682617, 3.120969533920288]","[[1281.2097388998745, -644.7487724887147], [-644.7487724887147, 1422.1121994101322]]"
41,5811.775491300736,"[-4894.418970642093, -1770.4175924428293, -8.191283517148756, -3.3964883104960144, -9.695444789859978]",0.0023605077029787962,"[-4933.204182332357, -1836.5474969991049, -50.88121525923411, -31.210070853233336, -23.948559967676797]",1362.2284482421874,"[-2.9634757041931152, 3.0538575649261475]","[[1299.8547780231852, -666.8432267816079], [-666.8432267816079, 1433.8271694670723]]"
42,5811.456555104305,"[-4874.075768924285, -1774.7364125654435, -7.735109579298229, -3.4116052873929337, -9.662476665841213]",0.0024482902769199844,"[-4888.8585178629555, -1825.0301704915364, -51.12499522368113, -31.123529237906137, -23.938677930831908]",1347.6261873372391,"[-3.0743956565856934, 3.0969791412353516]","[[1283.924477969871, -642.8438263281532], [-642.8438263281532, 1419.3149357824464]]"
43,5811.584441110665,"[-4872.834967600509, -1772.252254748874, -7.158444662888844, -3.409393710692724, -9.599530207051174]",0.0025314627810277867,"[-4887.7033728027345, -1825.5600588989257, -51.63932021141052, -31.152302094300587, -23.986078457832335]",1346.809818196614,"[-3.0541515350341797, 3.0566205978393555]","[[1279.1701337014676, -643.6037807212155], [-643.6037807212155, 1422.7954389623094]]"
44,5811.541171634251,"[-4880.265896996388, -1770.698187450834, -6.998992385864256, -3.4447145426273322, -9.615308945046538]",0.002579462483344185,"[-4912.53979715983, -1833.8823164876303, -51.974334816932675, -31.16546112616857, -24.015596566200255]",1354.6491490885414,"[-3.0256593227386475, 3.019205093383789]","[[1295.5247448179205, -652.8600945137883], [-652.8600945137883, 1422.682824065145]]"
45,5811.5456408159935,"[-4877.054907345246, -1771.9642822350395, -6.7722048491901825, -3.41900536828571, -9.611872497532103]",0.0025652648036258263,"[-4899.0138673909505, -1828.5385721842447, -52.09398992538452, -31.1581716688474, -23.986668945153554]",1350.453985514322,"[-2.988095998764038, 3.064692258834839]","[[1284.0985085568364, -648.5214403574232], [-648.5214403574232, 1425.5829758381647]]"
46,5811.555221688538,"[-4873.541429087323, -1772.4602609846334, -6.535253385967675, -3.430290416744023, -9.596462934282101]",0.0026198741801716882,"[-4908.479392089844, -1830.3281682840984, -52.372809824943545, -31.186259299119314, -24.012317306995392]",1352.1246075846354,"[-2.973245143890381, 3.052772283554077]","[[1292.415169143199, -649.5543131057715], [-649.5543131057715, 1420.8040525991844]]"
47,5811.575017029184,"[-4878.03732526991, -1771.8590141889795, -6.14221426539951, -3.4544459621111545, -9.577066653437086]",0.002587110370497814,"[-4890.4891430664065, -1827.4841322835287, -52.73533707300822, -31.099683326085408, -24.039385458628338]",1348.7295203450508,"[-3.019695520401001, 3.0791547298431396]","[[1283.6660446891372, -646.1017258966], [-646.1017258966, 1422.2491204836751]]"
48,5811.5405503300535,"[-4872.541365729438, -1771.487339825101, -5.814341756237878, -3.418848080370161, -9.544402636157129]",0.00262528327064097,"[-4890.609366251628, -1823.347745768229, -52.97857135772705, -31.117345968882244, -23.990970791975656]",1346.6987902018213,"[-2.923352003097534, 3.060004234313965]","[[1285.9600371780627, -647.896985208166], [-647.896985208166, 1416.5498422722815]]"
49,5811.523385565804,"[-4877.119762064616, -1772.4152579243957, -5.618392531871797, -3.4144808012909387, -9.578135825792945]",0.0026328457975857114,"[-4914.225818277995, -1833.847000172933, -53.324741220474245, -31.223812816143035, -24.07661939462026]",1354.6889511718762,"[-2.943690299987793, 3.095421552658081]","[[1287.9721106107324, -650.4827660879918], [-650.4827660879918, 1430.3397239649257]]"
50,5811.560945344763,"[-4874.867042219379, -1770.73734155443, -5.1109249893824265, -3.411280149486333, -9.533897422684571]",0.0026706722676236587,"[-4896.224236450195, -1828.472237141927, -53.743306571642556, -31.12323299407959, -24.076692890326182]",1349.1989734700521,"[-2.9799697399139404, 3.1453821659088135]","[[1285.050157984288, -647.2599714586919], [-647.2599714586919, 1421.6377875169762]]"
51,5811.496894886386,"[-4874.6888776312935, -1773.1642658233627, -5.052821127043829, -3.413193890518614, -9.543444201813806]",0.002619821706741479,"[-4894.2422328694665, -1829.7638061014811, -53.765053645769754, -31.128769483566284, -24.03149104356766]",1349.4656695963524,"[-2.9257359504699707, 3.110248565673828]","[[1286.8376731360531, -643.2684974252938], [-643.2684974252938, 1420.9353057203516]]"
52,5811.540660045886,"[-4873.753467068138, -1768.903856370715, -4.818235217995117, -3.398753731515671, -9.543235992458134]",0.002629853213438763,"[-4898.066375528972, -1826.8754338582357, -54.01023882389069, -31.105750079949697, -24.056036660671236]",1348.6350600585938,"[-3.014190196990967, 3.151249408721924]","[[1289.9694138623604, -650.6030375651154], [-650.6030375651154, 1415.3358723781944]]"
53,5811.535459008851,"[-4878.77279612223, -1771.6268856641975, -4.730891874366336, -3.4186295996771956, -9.53595057513979]",0.002652714742984645,"[-4899.771641845703, -1830.1153216044108, -54.183556149800616, -31.130119225978852, -24.078238852818806]",1351.1989879557295,"[-2.94234561920166, 3.129105806350708]","[[1279.381412701938, -648.3938381717054], [-648.3938381717054, 1431.6741656733695]]"
54,5811.545285272017,"[-4873.688495788581, -1772.2579460991767, -4.5453167096773806, -3.4207612544960435, -9.53411572800742]",0.002634350399231252,"[-4900.724799804688, -1832.1442375691731, -54.3280047416687, -31.147173606554666, -24.090373587608337]",1350.9073401692708,"[-3.016085147857666, 3.1398868560791016]","[[1292.9416463462035, -644.2599416935275], [-644.2599416935275, 1417.0144711120652]]"
55,5811.536464895241,"[-4876.473267296681, -1770.7902381812207, -4.092242147657603, -3.4085761335161, -9.50652149359385]",0.0026212041352927247,"[-4897.135341186524, -1824.8944735209147, -54.761798113187155, -31.081776275634766, -24.088228901227314]",1348.9731536458337,"[-2.984036684036255, 3.168654680252075]","[[1282.2740338516721, -651.3111617243383], [-651.3111617243383, 1423.784762230931]]"
56,5811.591505526012,"[-4874.294629075787, -1771.4339175669363, -4.16041981273227, -3.400704080793596, -9.495367552439383]",0.002659392916005651,"[-4890.7519203694665, -1825.750225575765, -54.61748278776805, -31.080955209732057, -24.04642470041911]",1347.5606183268226,"[-2.9865434169769287, 3.1320784091949463]","[[1290.6121503113939, -646.4470616753879], [-646.4470616753879, 1412.8103954475723]]"
57,5811.555046385704,"[-4875.3785147942435, -1772.1506843566883, -3.854327399465774, -3.407341563834083, -9.56062495681974]",0.0026197027467909123,"[-4903.315036824544, -1829.31041402181, -55.02639781316122, -31.163828080495197, -24.14087055603663]",1351.197569173176,"[-3.0964629650115967, 3.1466100215911865]","[[1279.520770485024, -648.0831565445706], [-648.0831565445706, 1430.4829446057445]]"
58,5811.539170003678,"[-4876.46447994656, -1771.6125505320235, -3.7950751031769663, -3.41309178259638, -9.54206950651274]",0.002605912495621143,"[-4908.648998006185, -1834.1236520894367, -55.08133944511414, -31.16221391836802, -24.071298345724742]",1353.3109876302083,"[-2.9859211444854736, 3.125247001647949]","[[1293.4627824089291, -648.1054356125054], [-648.1054356125054, 1421.6231180393218]]"
59,5811.588084460894,"[-4876.3333583068825, -1771.249910812376, -3.4926769354608314, -3.3880244463019897, -9.510062269767134]",0.002604606405721925,"[-4898.146641438802, -1826.5427568562825, -55.34898378372193, -31.113371505737305, -24.131268117427826]",1349.6038922526036,"[-3.0973057746887207, 3.215667724609375]","[[1286.153465479233, -649.5075756149823], [-649.5075756149823, 1420.1788434396249]]"
60,5811.479081782506,"[-4875.398530154761, -1772.2585007561581, -3.3744193935394295, -3.365073174105751, -9.522973123259012]",0.0026022888061803923,"[-4898.074338989258, -1829.8944581095377, -55.42198191165924, -31.173489603996277, -24.09797002474467]",1350.2143421223964,"[-3.0505964756011963, 3.1001346111297607]","[[1282.4377838869577, -645.4998130965112], [-645.4998130965112, 1426.156599901179]]"
61,5811.588133156776,"[-4875.574320322669, -1771.4760631561298, -3.285129234790801, -3.388896370066536, -9.549925575123899]",0.0025654855003328226,"[-4915.491314697266, -1831.3080479939779, -55.618778589566546, -31.171297941207886, -24.11648689587911]",1353.9485460611977,"[-3.08221697807312, 3.125319480895996]","[[1289.6688647587914, -652.9678904502665], [-652.9678904502665, 1426.1164988207743]]"
62,5811.5710374159835,"[-4881.740542297367, -1770.6026806386324, -3.206980318493312, -3.393070661226911, -9.537403459681405]",0.0025620329290136894,"[-4910.504553222656, -1828.5043241882324, -55.67296759923299, -31.140327106316885, -24.109634279410045]",1353.4264659830724,"[-3.0826218128204346, 3.1316514015197754]","[[1290.080375554869, -656.7966007598384], [-656.7966007598384, 1424.6076294299487]]"
63,5811.548664320581,"[-4881.8425697835255, -1770.2518929629862, -3.1603135551346697, -3.3849591947926405, -9.539213205708384]",0.0025674230936662454,"[-4888.151581827799, -1828.2824766540527, -55.6340150753657, -31.11985815445582, -24.06615035374959]",1348.8193725585925,"[-3.0805530548095703, 3.1430814266204834]","[[1286.6744985841337, -647.0393479440838], [-647.0393479440838, 1418.6469236933174]]"
64,5811.58632687659,"[-4876.281175282797, -1769.8585680304639, -3.0740920986069566, -3.3623265470398795, -9.504109185934064]",0.002564692680348849,"[-4884.81022644043, -1828.7111063639322, -55.70619181791941, -31.135151746273042, -24.09695062716802]",1347.0595830078134,"[-3.0764882564544678, 3.153270959854126]","[[1286.6494263941536, -642.9532915574358], [-642.9532915574358, 1415.0772687360688]]"
65,5811.586686503358,"[-4868.607284901935, -1770.0667889404301, -3.0029725795322006, -3.3528859427240167, -9.474556140237377]",0.0025739419308309958,"[-4903.5295585123695, -1832.1471976216635, -55.78692378838857, -31.178604255517325, -24.133932933807372]",1350.0079300130205,"[-3.070667028427124, 3.1614601612091064]","[[1290.0775299255326, -644.8608328981408], [-644.8608328981408, 1417.589326468752]]"
66,5811.565551571577,"[-4876.225763956705, -1770.6141894022624, -3.100519007576837, -3.392087985806994, -9.516300289630895]",0.0025768250056232003,"[-4909.494750773112, -1832.1514604187012, -55.766286911964414, -31.162787240346272, -24.1230708694458]",1352.850666829427,"[-3.066911220550537, 3.164808988571167]","[[1291.4488719414387, -650.5569800833009], [-650.5569800833009, 1421.9625052110714]]"
67,5811.566407039854,"[-4878.725250125463, -1771.338473383586, -3.0560844593577943, -3.3906119032700843, -9.507732843955347]",0.0025812541328034243,"[-4893.2701448567705, -1831.3082494608561, -55.76646252791087, -31.143725310166676, -24.10509217421214]",1350.0640125325513,"[-3.0508341789245605, 3.163865089416504]","[[1288.4438054475131, -644.4203325842789], [-644.4203325842789, 1419.4434397838058]]"
68,5811.586263740487,"[-4875.551276024717, -1771.46788649665, -3.0091835252443944, -3.3803123937712773, -9.49741397526529]",0.00258633006988223,"[-4897.170164388021, -1828.9571258544922, -55.81219045480093, -31.15670989513397, -24.110080977280933]",1349.7740442708337,"[-3.0332016944885254, 3.1574745178222656]","[[1286.607122023075, -646.6959951566214], [-646.6959951566214, 1420.8433884022397]]"
69,5811.585136605737,"[-4874.867449934219, -1771.0890443250878, -2.9579174812634763, -3.3697579149405166, -9.48234718137317]",0.002593787502539474,"[-4899.465950927734, -1830.561046142578, -55.868482073148094, -31.179221692879995, -24.11879156112671]",1350.343006835937,"[-3.0165250301361084, 3.146632194519043]","[[1285.4404822471201, -646.4583557093022], [-646.4583557093022, 1423.3305902901636]]"
70,5811.569354629784,"[-4876.1884100002735, -1771.7999829186333, -2.9719884154531697, -3.3836380052566533, -9.486069849729533]",0.0026021793768450136,"[-4899.089970092773, -1829.7086448669434, -55.85848696231842, -31.15004868666331, -24.099448090394336]",1350.490471516928,"[-3.0088698863983154, 3.1325125694274902]","[[1289.9313588738178, -647.2206934216102], [-647.2206934216102, 1419.2736838274925]]"
71,5811.582359083597,"[-4873.6337878078875, -1770.9995377688945, -2.9193531115849813, -3.3621401904688937, -9.468982836272989]",0.0025967553221562397,"[-4913.136355997722, -1829.923216603597, -55.96848882675171, -31.19268561442693, -24.14448232571284]",1352.6994350585926,"[-3.0080196857452393, 3.117136240005493]","[[1288.9819933874658, -652.9645212988817], [-652.9645212988817, 1424.7880023001546]]"
72,5811.587873244866,"[-4883.23181410047, -1771.3669010670972, -2.9745183420181305, -3.3977565101782456, -9.507470198472339]",0.002597124633983991,"[-4891.4132609049475, -1827.9106580607097, -55.8296262550354, -31.13783145904541, -24.06997299114863]",1349.9203499348957,"[-2.9969725608825684, 3.1037378311157227]","[[1286.3626403260603, -648.9477613203294], [-648.9477613203294, 1421.9441592481485]]"
73,5811.590642556719,"[-4873.768029768199, -1771.4709075927715, -2.8102489603890315, -3.353560155365199, -9.455398963954734]",0.002604958033383204,"[-4884.037362263997, -1824.7258555094402, -55.92621202309926, -31.14518795013428, -24.0924814136823]",1345.9108113606774,"[-2.990032911300659, 3.0938241481781006]","[[1276.1374824100508, -643.7858735582097], [-643.7858735582097, 1424.1731956687731]]"
74,5811.5760575375025,"[-4872.225138922802, -1770.4304105716276, -2.826743672688803, -3.3521941868464142, -9.460811257097452]",0.002598484702434184,"[-4901.594204101562, -1829.5726514689127, -55.99629073143005, -31.171985279719035, -24.133333027362823]",1349.8992270507806,"[-3.006993532180786, 3.087324380874634]","[[1286.2148350126974, -647.9439855078662], [-647.9439855078662, 1422.091059822626]]"
75,5811.583897149881,"[-4875.01682834201, -1770.865050150553, -2.8450009907616476, -3.37795343399048, -9.486487240129048]",0.002595131839819564,"[-4907.892886962891, -1829.7924919637044, -56.04402772426605, -31.194427584807077, -24.143080027103423]",1351.8820553385422,"[-3.015807867050171, 3.084423303604126]","[[1284.2539145884875, -651.3742071230755], [-651.3742071230755, 1428.022242222533]]"
76,5811.5855040802935,"[-4878.539961988666, -1771.4173136732315, -2.8432922246721053, -3.3969244545035893, -9.485256001684407]",0.0025949364857741674,"[-4891.692244059245, -1830.0142269388834, -56.00731856822968, -31.147627204259237, -24.11487782716751]",1349.483005045574,"[-3.033179759979248, 3.0829031467437744]","[[1286.4189590841368, -644.9806968902452], [-644.9806968902452, 1420.913783001997]]"
77,5811.579963763449,"[-4871.930912373856, -1771.177344182331, -2.7661734014087243, -3.3711757612228412, -9.469005687766607]",0.0026032560576762383,"[-4902.547993367513, -1829.8965128580728, -56.09039861996968, -31.189059035778044, -24.152524824937185]",1350.2666463216142,"[-3.044900894165039, 3.080784320831299]","[[1286.0784004775205, -647.1541812388444], [-647.1541812388444, 1422.7787288451757]]"
78,5811.586927627829,"[-4880.409575212273, -1770.8657501729344, -2.786949344211153, -3.4005269583066298, -9.487714380555683]",0.0026044960843218047,"[-4905.91013285319, -1827.4361054992676, -56.12190796693166, -31.146794253190357, -24.13760230064392]",1352.0925232747381,"[-3.050436496734619, 3.0801026821136475]","[[1288.4998491746887, -655.0593359956223], [-655.0593359956223, 1424.0162752534345]]"
79,5811.570972831565,"[-4877.006752488882, -1770.2974144829643, -2.6835554750760386, -3.381831986109416, -9.469020612637195]",0.0026082694449158055,"[-4892.865512491862, -1827.272945760091, -56.127341815630594, -31.13338013569514, -24.120955657164256]",1348.6156827799482,"[-3.041067123413086, 3.0726354122161865]","[[1286.406128415656, -648.2218086069317], [-648.2218086069317, 1419.1901280889563]]"
80,5811.583587520182,"[-4873.058792487247, -1770.3444027540418, -2.628538997703128, -3.3713786666923085, -9.456940338214235]",0.0026039614920025807,"[-4890.396582845052, -1831.8556393941244, -56.21490961233775, -31.17751674413681, -24.14257936000824]",1348.2797045898435,"[-3.030377149581909, 3.069866418838501]","[[1284.5916181773796, -641.2258059759847], [-641.2258059759847, 1420.408657230456]]"
81,5811.582122811579,"[-4873.126758728026, -1771.1302088080506, -2.6622319624159063, -3.400235748555924, -9.457138015296723]",0.002607925519453906,"[-4903.243665974935, -1833.363531036377, -56.203386046091715, -31.162779541015624, -24.143955108324686]",1351.3282937825536,"[-3.023747682571411, 3.0679495334625244]","[[1293.333215960973, -645.3211532772518], [-645.3211532772518, 1417.8781873885912]]"
82,5811.575908935969,"[-4873.082156134714, -1771.1397910308838, -2.6590924668312073, -3.4001361252201936, -9.457276944451875]",0.00260581992998292,"[-4899.427321166992, -1832.9066958109538, -56.24540534337362, -31.177979512214662, -24.16047623316447]",1350.4776788736972,"[-3.021515130996704, 3.069692611694336]","[[1288.653603091504, -643.8377999645567], [-643.8377999645567, 1420.8420801166894]]"
83,5811.594640179525,"[-4873.145346611868, -1771.2001933373344, -2.6621204158994916, -3.4017370238569025, -9.459394183556233]",0.00260450711965354,"[-4900.56715230306, -1833.4729313659668, -56.248670360247296, -31.183247317473093, -24.178994978268943]",1350.8597403971366,"[-3.0224828720092773, 3.0732369422912598]","[[1290.470238931333, -643.8407257969815], [-643.8407257969815, 1419.7694672860878]]"
84,5811.589888166001,"[-4873.524280734592, -1771.3065688493523, -2.667168203194938, -3.403506609996164, -9.462581187751558]",0.0026031291206244454,"[-4906.702474568685, -1832.811567993164, -56.20411571184794, -31.164087336858113, -24.157813073794046]",1352.0342180989587,"[-3.0190465450286865, 3.0717365741729736]","[[1291.024373571852, -647.3342400517923], [-647.3342400517923, 1421.618254573532]]"
85,5811.591083837355,"[-4873.491766306568, -1771.317512283324, -2.6631879430347034, -3.402660466432573, -9.46221726602978]",0.002603444497249762,"[-4902.875870157877, -1834.9817990112306, -56.23470688501994, -31.174892691771188, -24.16187946240107]",1351.7072913411466,"[-3.021925687789917, 3.0742223262786865]","[[1297.0525143939044, -643.7453164063877], [-643.7453164063877, 1414.8967581517863]]"
86,5811.586849329951,"[-4873.3633554755315, -1771.3837507798958, -2.662402942445544, -3.4028597700595826, -9.462803582747775]",0.002603466915930362,"[-4908.884311523438, -1833.9209023539224, -56.26088441848755, -31.178216789563496, -24.165369833310447]",1352.6888523763027,"[-3.0187740325927734, 3.075397253036499]","[[1296.3999780680272, -647.3641339443794], [-647.3641339443794, 1417.544195907152]]"
87,5811.589321873719,"[-4873.863951483837, -1771.3476477220318, -2.666578040917714, -3.4051732967959505, -9.465107161468937]",0.0026031011872368645,"[-4908.1678678385415, -1831.8593454996744, -56.269512468973794, -31.176259037653605, -24.171976805528004]",1352.2317884114564,"[-3.015015125274658, 3.0736913681030273]","[[1288.0466183244002, -648.8845550866843], [-648.8845550866843, 1425.0077736451447]]"
88,5811.588683112671,"[-4874.049794260659, -1771.3873792351603, -2.6673933850394334, -3.406211762030921, -9.467382170226827]",0.002601970533352064,"[-4911.896682739258, -1833.1047800699869, -56.278136375745135, -31.169812014102934, -24.158633617560067]",1353.2700185546867,"[-3.0149078369140625, 3.0753917694091797]","[[1294.7128063857176, -649.6892521112031], [-649.6892521112031, 1420.4290585454246]]"
89,5811.590716414344,"[-4874.228673248292, -1771.3828825802266, -2.662879493236544, -3.405464058054818, -9.466906688875627]",0.00260184499650172,"[-4911.92969136556, -1833.4999343363445, -56.29652796109517, -31.18351858615875, -24.17572275241216]",1353.400264811197,"[-3.0155177116394043, 3.0769848823547363]","[[1293.6461525244688, -649.4103772965038], [-649.4103772965038, 1421.7449451457762]]"
90,5811.597519345332,"[-4875.127299346926, -1771.457369791666, -2.67042108244366, -3.4098568722936857, -9.47041815347142]",0.002601402196984663,"[-4910.967135009766, -1831.8527490743002, -56.253346373240156, -31.176638719240824, -24.168657236099243]",1353.067988118491,"[-3.010010242462158, 3.0745689868927]","[[1288.0031072303354, -650.6638944660533], [-650.6638944660533, 1426.7655457477965]]"
91,5811.599878819561,"[-4875.350159081354, -1771.3975571017809, -2.66421133014891, -3.409062068859737, -9.47105834974183]",0.002601068144188806,"[-4910.54458190918, -1832.8304326375326, -56.28285966873169, -31.17236004273097, -24.16704908132553]",1353.216256998697,"[-3.0095651149749756, 3.0745368003845215]","[[1291.0110433882521, -649.8519838810454], [-649.8519838810454, 1424.0599979085189]]"
92,5811.588255600238,"[-4875.696569332547, -1771.513722695245, -2.6646372707684796, -3.4117608386940437, -9.472512221601274]",0.002601427707526861,"[-4911.657551676432, -1832.9725801086427, -56.276351240475975, -31.165665004253388, -24.164578400452932]",1353.5517661132822,"[-3.008904218673706, 3.078235387802124]","[[1292.8752369867163, -650.2888828198273], [-650.2888828198273, 1422.8547162851194]]"
93,5811.611627289659,"[-4876.23408662584, -1771.5925053490528, -2.667876847585043, -3.413533710373772, -9.474868929915955]",0.0026016600909578233,"[-4906.2161838785805, -1833.5272805786133, -56.25378449598948, -31.18433305342992, -24.169270054499307]",1352.7110231119789,"[-3.0052263736724854, 3.080897331237793]","[[1292.3531790316151, -647.4453965788426], [-647.4453965788426, 1421.6839917958214]]"
94,5811.584559907013,"[-4876.47085766262, -1771.5324584113228, -2.65994981659783, -3.4121743762493097, -9.474155024687448]",0.0026017607199577877,"[-4913.160033772787, -1831.9919244893392, -56.272046168645225, -31.15542125781377, -24.140393868287404]",1353.8045955403657,"[-3.006120443344116, 3.0767924785614014]","[[1294.0486595215707, -652.2300916736283], [-652.2300916736283, 1422.2178760934073]]"
95,5811.587513359541,"[-4876.860846235486, -1771.5693362426769, -2.6585227100054425, -3.4131199324131014, -9.472403801547145]",0.0026017144934707558,"[-4905.090547281901, -1833.6666639200846, -56.266741445859275, -31.169426017602284, -24.14243062814077]",1352.6142156575504,"[-3.0046188831329346, 3.0798919200897217]","[[1293.7505077462026, -647.2429680359204], [-647.2429680359204, 1420.1009543505604]]"
96,5811.585755461008,"[-4877.008860609269, -1771.588083301119, -2.6572446592648853, -3.413804481824241, -9.473906999296613]",0.002601804175000223,"[-4908.692544962565, -1831.357623240153, -56.27334637641907, -31.16385430733363, -24.16391117652257]",1352.9099720052063,"[-3.000420331954956, 3.0806667804718018]","[[1290.8478809882026, -650.8759331277289], [-650.8759331277289, 1423.6217759915328]]"
97,5811.594752945264,"[-4877.449424964054, -1771.5186250135653, -2.6556036411391357, -3.4129793763160707, -9.475604816807643]",0.0026011484143317718,"[-4909.586950276693, -1831.7423966471354, -56.2534744310379, -31.15667725721995, -24.145962104797363]",1353.2353723958333,"[-2.999476671218872, 3.083970069885254]","[[1293.6972528215142, -651.2805622514459], [-651.2805622514459, 1421.4147715447102]]"
98,5811.575836726342,"[-4877.52957644993, -1771.556302295262, -2.649115063614317, -3.41326859739092, -9.473598582347227]",0.0026007494235010314,"[-4906.1713307698565, -1831.3423613993327, -56.27633138815562, -31.140065792401632, -24.147166748841602]",1352.4861772460936,"[-3.0006234645843506, 3.0832483768463135]","[[1291.6988168210603, -650.0345668816802], [-650.0345668816802, 1421.897486663911]]"
99,5811.575134426277,"[-4877.676788720021, -1771.554762573241, -2.6426893631617236, -3.4119246906704372, -9.471707985003787]",0.0026005523635184422,"[-4903.519254557292, -1830.6024253845214, -56.25016434510549, -31.160996244748432, -24.148760454654692]",1351.833907714843,"[-2.9956228733062744, 3.082965850830078]","[[1286.9092743387794, -649.4270361612353], [-649.4270361612353, 1425.401282105318]]"
100,5811.587606073323,"[-4877.656516096325, -1771.51192249722, -2.6370286538865804, -3.410471649699742, -9.470773364835319]",0.002600178783565449,"[-4903.1921317545575, -1831.080497080485, -56.25715121746063, -31.145632962385815, -24.14293628136317]",1351.8532784830722,"[-2.995396375656128, 3.085226058959961]","[[1292.298548427275, -649.0630602064703], [-649.0630602064703, 1420.0385017634233]]"
101,5811.57647131173,"[-4877.670980461963, -1771.522042778862, -2.636528283754985, -3.4104401829507602, -9.47114831831721]",0.002600396767213373,"[-4906.007970581055, -1828.9595473734537, -56.28110653400421, -31.161072295506795, -24.141889940102896]",1351.9992294921876,"[-2.994487762451172, 3.08465576171875]","[[1286.9040004942822, -652.0653599852875], [-652.0653599852875, 1425.7369924819177]]"
102,5811.584009406884,"[-4877.658620113797, -1771.5246742502848, -2.6362182717853115, -3.410346847110323, -9.47114193744129]",0.0026003703052507867,"[-4897.110702921549, -1832.4826212056478, -56.24389141241709, -31.152223579088847, -24.133595595359804]",1350.9152530924466,"[-2.994729518890381, 3.084681510925293]","[[1289.5961249200052, -644.9598798165007], [-644.9598798165007, 1420.853157163287]]"
103,5811.577333864946,"[-4877.641347876653, -1771.5254709455717, -2.6356927185588437, -3.4102632492118437, -9.47092711117533]",0.0026001478575118286,"[-4896.2724281819665, -1833.1730655415852, -56.2504554271698, -31.16273552497228, -24.128681836922965]",1350.8813128255213,"[-2.9963691234588623, 3.083266019821167]","[[1290.945751065477, -644.0171056657822], [-644.0171056657822, 1419.4340734035727]]"
104,5811.580887159769,"[-4877.633210279678, -1771.5249333784298, -2.635111094580755, -3.410086714294221, -9.470796819660398]",0.002600093513335903,"[-4900.194145711263, -1830.0874913024902, -56.248917835553485, -31.15327430486679, -24.143047488530478]",1351.0490991210927,"[-2.994253396987915, 3.084817886352539]","[[1287.7888028012937, -648.401461873541], [-648.401461873541, 1422.9331096398773]]"
105,5811.5902228709865,"[-4877.611173790825, -1771.5232384067106, -2.6341115424368122, -3.409884441693623, -9.470622717142112]",0.0025999388013183806,"[-4897.554166870117, -1831.6161053975422, -56.23758745034536, -31.156510349909464, -24.14338926792145]",1350.824936686198,"[-2.9934775829315186, 3.0855345726013184]","[[1287.8168913196444, -645.8437836227918], [-645.8437836227918, 1422.4523978988807]]"
106,5811.604122841782,"[-4877.600821380612, -1771.522261216906, -2.6335624636544113, -3.4098015921645697, -9.470566539764409]",0.00259992040548241,"[-4900.929291788737, -1830.912218577067, -56.266760164896645, -31.161295437812804, -24.13755058288574]",1351.3693500976576,"[-2.992565631866455, 3.0862185955047607]","[[1289.7476331911437, -648.0443377523284], [-648.0443377523284, 1421.622656009291]]"
107,5811.580412297357,"[-4877.6089069112195, -1771.5224741194002, -2.6333719396591184, -3.4098222376240632, -9.470504793193603]",0.0025998406097642148,"[-4898.081583455403, -1830.925535329183, -56.23846299807231, -31.153464506467184, -24.140856556892395]",1350.7856528320297,"[-2.993650436401367, 3.084460735321045]","[[1287.4993295940444, -646.6882337214535], [-646.6882337214535, 1422.6959841597015]]"
108,5811.584483221165,"[-4877.594353366427, -1771.5213904062925, -2.6329014550314995, -3.4096437691317667, -9.470304908619983]",0.0025997157737502772,"[-4896.877880045573, -1831.5129425048829, -56.26626858393351, -31.138135000864665, -24.140230695406597]",1350.6635242513037,"[-2.9945342540740967, 3.0835750102996826]","[[1288.2473527851475, -645.6393226280426], [-645.6393226280426, 1421.701442290567]]"
109,5811.604794800593,"[-4877.573048383929, -1771.5227336290156, -2.6318416674931835, -3.4093655982282436, -9.470018945270118]",0.00259953112792573,"[-4897.350513916015, -1830.3370147705077, -56.23879829883575, -31.15328551054001, -24.14244574546814]",1350.526661621093,"[-2.9913454055786133, 3.0833590030670166]","[[1285.609408824876, -646.8060139836424], [-646.8060139836424, 1424.0837634608301]]"
110,5811.590702025831,"[-4877.572049119736, -1771.5243958112935, -2.6320368719100955, -3.4093293946319196, -9.470090390443795]",0.0025994211820296975,"[-4901.771633911133, -1830.7555854797363, -56.28000847021739, -31.14795077085495, -24.15127189318339]",1351.496687825521,"[-2.995908498764038, 3.0866968631744385]","[[1291.438983999054, -648.5941461046472], [-648.5941461046472, 1420.1653551885092]]"
111,5811.584111558178,"[-4877.557221035431, -1771.5228204854345, -2.6314003856976833, -3.4091216425100974, -9.469914841254557]",0.002599196540104458,"[-4898.894153645833, -1830.9064436340332, -56.24870929718018, -31.150748756726582, -24.13443843841553]",1350.93549625651,"[-2.992692470550537, 3.0843989849090576]","[[1287.3003404008716, -647.0412284403877], [-647.0412284403877, 1423.2040234502317]]"
112,5811.57544258483,"[-4877.555073445637, -1771.523169309826, -2.631306575934093, -3.4091161537170396, -9.469943853881627]",0.0025991717612163893,"[-4902.3434704589845, -1830.5345155334473, -56.24591526508331, -31.139414570331574, -24.144664497375487]",1351.5454840494792,"[-2.9942398071289062, 3.0849497318267822]","[[1289.5090496825562, -649.0238423456935], [-649.0238423456935, 1422.2147275038483]]"
113,5811.575506667085,"[-4877.542452053495, -1771.5249826388879, -2.6302882981300337, -3.408915439314312, -9.469790872202971]",0.0025990645955607755,"[-4898.078259480794, -1830.731021118164, -56.26851075967153, -31.166459967295328, -24.156110565662384]",1350.74156656901,"[-2.9931020736694336, 3.086320161819458]","[[1286.4409893594043, -646.7789631765381], [-646.7789631765381, 1423.657232455979]]"
114,5811.586214566278,"[-4877.532718285455, -1771.5235648685014, -2.6296494036250646, -3.4087581834528167, -9.469773963027524]",0.002598891378729605,"[-4908.999240926107, -1828.6695614115397, -56.29183670202891, -31.141945656140646, -24.134788858890534]",1352.5119173177077,"[-2.9938650131225586, 3.086162805557251]","[[1290.3399056172004, -653.6954830570608], [-653.6954830570608, 1423.3310820632616]]"
115,5811.583700713267,"[-4877.545307023788, -1771.5214015028203, -2.6296487453248796, -3.4087715305222366, -9.469734015199863]",0.0025988762317865626,"[-4904.013332722981, -1829.560018717448, -56.27283431529999, -31.1448605688413, -24.138594364325204]",1351.691190592449,"[-2.995105266571045, 3.0852038860321045]","[[1289.4996116629527, -650.6231367641558], [-650.6231367641558, 1422.5118883067873]]"
116,5811.5909672740345,"[-4877.54493911743, -1771.5179665459525, -2.62902131822374, -3.4086593405405705, -9.469655160903931]",0.0025987459473738764,"[-4901.965017089844, -1829.5531679789226, -56.28433218955993, -31.15549215634664, -24.14299994389216]",1351.2881896158858,"[-2.992866277694702, 3.085937738418579]","[[1287.4307778232583, -649.6374915026355], [-649.6374915026355, 1423.7754535669499]]"
117,5811.598060993353,"[-4877.556638336184, -1771.5155570983882, -2.6291800342665788, -3.408712444702785, -9.469775416586131]",0.002598573592129268,"[-4903.884753417969, -1830.3698603312175, -56.27245223681132, -31.150433054765067, -24.138424680233]",1351.8366347656263,"[-2.994743585586548, 3.0858895778656006]","[[1291.0425545756038, -649.9009141084016], [-649.9009141084016, 1421.2606538233476]]"
118,5811.578259020172,"[-4877.553725179042, -1771.511502651639, -2.628226319419014, -3.4084345677163856, -9.469631632963823]",0.002598525231894909,"[-4902.022936808268, -1830.3995908610027, -56.264138420422874, -31.16567045132319, -24.14468867301941]",1351.461282226562,"[-2.993145704269409, 3.0876495838165283]","[[1289.5281311346168, -648.9962074158992], [-648.9962074158992, 1422.0155119677202]]"
119,5811.587109670535,"[-4877.547376251217, -1771.5047642177988, -2.6274693584442166, -3.4083132758405488, -9.46952995313538]",0.002598407167550045,"[-4902.404480590821, -1830.0031368509929, -56.26698124408722, -31.148626251220705, -24.14608721812566]",1351.457364908855,"[-2.9934260845184326, 3.085536003112793]","[[1289.1743219458642, -649.5169200041113], [-649.5169200041113, 1422.3728118281665]]"
120,5811.591712965593,"[-4877.5584972635925, -1771.5115565575497, -2.6275447310341717, -3.4083446449703647, -9.469578129053113]",0.0025984763288741082,"[-4903.822990112305, -1830.4856364440918, -56.273830038706464, -31.150362399419148, -24.14353205045064]",1351.8446570638014,"[-2.9960944652557373, 3.086552858352661]","[[1292.010260747341, -649.7829223960414], [-649.7829223960414, 1420.296894401931]]"
121,5811.588918631825,"[-4877.562291463215, -1771.5110315619572, -2.627312568823497, -3.4082760224077475, -9.469486252996665]",0.0025981018349799955,"[-4903.75633199056, -1830.6580435180665, -56.285843361218774, -31.15069727261861, -24.13918978293737]",1351.866615071613,"[-2.995420455932617, 3.0863168239593506]","[[1292.750302081382, -649.6396319375368], [-649.6396319375368, 1419.6067455134623]]"
122,5811.585142821315,"[-4877.562105729846, -1771.5109671698692, -2.6272740017043223, -3.4082694586118065, -9.469482442537949]",0.002598158153090888,"[-4898.690410359701, -1830.950530090332, -56.23551672458649, -31.16302987575531, -24.147809860706328]",1350.904096191406,"[-2.9906718730926514, 3.086024045944214]","[[1286.6740127599041, -646.9093546359593], [-646.9093546359593, 1423.7689957141627]]"
123,5811.591652038947,"[-4877.562149149581, -1771.5109373813227, -2.6272856039471106, -3.40827330019739, -9.469486335118615]",0.002598235742609379,"[-4902.827849731445, -1830.5785359191896, -56.294699659347536, -31.16548361460368, -24.146397072474162]",1351.6724977213544,"[-2.9950144290924072, 3.0865485668182373]","[[1291.263854107128, -649.2201067200733], [-649.2201067200733, 1420.7019596636544]]"
124,5811.595614665184,"[-4877.562119784887, -1771.5110060713032, -2.6272818726963463, -3.4082668521669177, -9.469486181338626]",0.0025982612105791424,"[-4902.047518717448, -1830.0016026814778, -56.298603828748064, -31.148603070576986, -24.14881843328476]",1351.40090999349,"[-2.994781970977783, 3.0849390029907227]","[[1287.740324010993, -649.3320056292221], [-649.3320056292221, 1423.6880702333476]]"
125,5811.576141013519,"[-4877.562092047795, -1771.511036351521, -2.627275945345563, -3.4082642273108146, -9.469487018585195]",0.002598291064981218,"[-4901.432526448568, -1829.4696430460613, -56.252623947461444, -31.155070756276448, -24.148272778193157]",1351.153774251302,"[-2.992008686065674, 3.085820198059082]","[[1286.249763924751, -649.4334725375186], [-649.4334725375186, 1424.6908524585479]]"
126,5811.604011785566,"[-4877.562091030545, -1771.5109003787572, -2.62727598402235, -3.408262996143762, -9.46948720044561]",0.002598329839755832,"[-4905.956344604492, -1829.923975016276, -56.25239606062571, -31.15072681903839, -24.140639352003735]",1352.160877929689,"[-2.993115186691284, 3.085966110229492]","[[1292.2838086435106, -651.2584004703475], [-651.2584004703475, 1420.6837813028828]]"
127,5811.588345183798,"[-4877.562189636231, -1771.5109219275582, -2.6272927493519265, -3.4082632948292617, -9.469488187498515]",0.002598334785305065,"[-4895.438929239909, -1831.9212530517577, -56.263997979164124, -31.156327453454335, -24.142126352787017]",1350.4527810872398,"[-2.9939868450164795, 3.086446762084961]","[[1286.7213338359704, -644.5508459397875], [-644.5508459397875, 1422.7872759535655]]"
128,5811.586504241686,"[-4877.561892479786, -1771.5109247080486, -2.6272154209348946, -3.4082499523957583, -9.46948239326477]",0.002598334178813575,"[-4901.6433380126955, -1830.8039659118651, -56.25457551956177, -31.160938372611998, -24.139643847942352]",1351.4677117513033,"[-2.9931552410125732, 3.086085081100464]","[[1290.217394440268, -648.4788513215076], [-648.4788513215076, 1421.3488399132484]]"
129,5811.586017868253,"[-4877.562031063507, -1771.5108908081054, -2.627231375376383, -3.4082479476928724, -9.46947742700577]",0.002598344215075486,"[-4905.024342651367, -1829.1013983154296, -56.285769739151, -31.14156880378723, -24.14453186591466]",1351.8065794270835,"[-2.9941911697387695, 3.0865912437438965]","[[1288.8018724364445, -651.465901243574], [-651.465901243574, 1423.439591065571]]"
130,5811.57057071543,"[-4877.562230461965, -1771.5108278740784, -2.6272723187340645, -3.408254938125609, -9.469482311010372]",0.0025983291625420344,"[-4901.85737487793, -1830.7765125528972, -56.262132404645286, -31.152575980027517, -24.13900706688563]",1351.4968859049477,"[-2.9941318035125732, 3.0856664180755615]","[[1289.7089819650046, -648.5788261208747], [-648.5788261208747, 1421.9130022604447]]"
131,5811.5835692862465,"[-4877.561873508027, -1771.510801086425, -2.627227286232843, -3.4082439041137715, -9.469473659992223]",0.0025983512725280093,"[-4899.210391845703, -1831.7347403462727, -56.242720805803934, -31.156816588242847, -24.13073762337367]",1351.160826660157,"[-2.994011402130127, 3.0846409797668457]","[[1289.3839462476417, -646.5435670670436], [-646.5435670670436, 1421.5660540975214]]"
132,5811.569043471024,"[-4877.5619440545015, -1771.510725335015, -2.627235909567942, -3.4082464888360744, -9.469475458463034]",0.0025982964422696054,"[-4905.196148071289, -1829.3775082906088, -56.261391345659895, -31.148660031159718, -24.145223004023233]",1351.884267578126,"[-2.9931037425994873, 3.0873024463653564]","[[1288.5208941275018, -651.3127751769792], [-651.3127751769792, 1423.8796314388626]]"
133,5811.5956858003865,"[-4877.562105933297, -1771.510727284749, -2.6272384251488603, -3.408248570627635, -9.46947575304244]",0.002598291343278508,"[-4905.225181477865, -1829.498349304199, -56.29853469530742, -31.165141327381136, -24.152898205916088]",1351.9398723958323,"[-2.994725227355957, 3.086611270904541]","[[1288.9769281884264, -651.214356009034], [-651.214356009034, 1423.5305960637575]]"
134,5811.602948556046,"[-4877.5619638231055, -1771.5107248433428, -2.6272260197003674, -3.408246348301564, -9.46947606391378]",0.0025982957118281386,"[-4903.843094482422, -1829.951295267741, -56.25998029549917, -31.152360569636027, -24.14272582133611]",1351.7453471679692,"[-2.9931278228759766, 3.0874390602111816]","[[1290.6660003517657, -650.2152905105792], [-650.2152905105792, 1421.452863376713]]"
135,5811.579134205449,"[-4877.56197877672, -1771.5107040744333, -2.6272184687190583, -3.4082391998502963, -9.46947497036722]",0.0025983011577854,"[-4900.401204833985, -1829.4556563822428, -56.25576462904612, -31.16129814863205, -24.15727132399877]",1350.9497667643227,"[-2.9912614822387695, 3.086549758911133]","[[1285.6836807081083, -649.0009402871332], [-649.0009402871332, 1424.844729522047]]"
